id,ticker,published_utc,functioning,price_delta_pct_5m,volume_delta_pct_5m,price_delta_pct_10m,volume_delta_pct_10m,price_delta_pct_15m,volume_delta_pct_15m,price_delta_pct_30m,volume_delta_pct_30m,price_delta_pct_60m,volume_delta_pct_60m,sofort_delta_pct,vola_pre_1h_pct,vola_post_1h_pct
b8931dbca68071207d40e936e4975fea6dfdd52f,GXI.XETRA,2026-06-29T07:25:00Z,True,0.3790750712310498,3929.8,-2.0470015938969577,6076.656626506024,-2.729340512863565,8200.903614457831,-2.1228203988938876,1574.7535028541777,-2.426080455878721,587.6586321437696,0.3790750712310498,0.7705761834256183,1.005971163150001
c35fa4d4c8988c1fa0b524962b5239401fbe5946,EVK.XETRA,2026-06-26T09:14:00Z,True,1.9254596273291735,13169.616685456594,0.06211180124222615,14349.374398460057,-1.1180124223602594,12247.910718920322,-0.5590062111801242,4889.201196070056,0.06211180124222615,3158.873428852222,1.9254596273291735,0.2675479158029511,0.8593536547471285
3484d56f299d0e4497e23f1dfe2f1ac64fbfc9de,FTK.XETRA,2026-06-26T08:44:00Z,True,1.6571457142857238,7749.79079497908,-1.0285742857142788,5921.5053763440865,-1.3142857142857123,2060.9875678515145,1.8285685714285904,1558.3317624882188,4.628565714285715,1022.4064563462949,1.6571457142857238,0.32275939896389777,1.8100471668783054
dc3203ecece2947109dfff2ff1f52034da16c3f4,MRK.XETRA,2026-06-25T09:33:00Z,True,-1.4074594761100845,3998.5029940119757,-1.6537691068077787,2289.358546533185,-1.6889584086294929,1985.427695736974,-1.3019042377802603,1007.9330684964488,-2.709363713890345,428.15470337594235,-1.4074594761100845,0.10944241613707367,0.5348567338189987
c03d96311461c4b50ac3e3c067706d7b1435c959,VNA.XETRA,2026-06-23T13:13:00Z,True,-0.09842520169415225,266.9585798816568,-0.049212600847070576,-5.794312593542871,-0.09842520169415225,-59.18884664131813,-0.393700806776609,56.49313324077432,-0.393700806776609,84.0713033813534,-0.09842520169415225,0.15221509929294635,0.13323525278725892
54d5c56426647d21d0ce72171e79635960cb5a93,RDC.XETRA,2026-06-15T14:16:00Z,True,4.639682040677551,8636.274509803921,6.0217155770638575,5961.5541922290395,8.489632606325115,8305.112474437628,13.820335363863068,5475.6516587677725,13.32675195801083,3913.572149344097,4.639682040677551,0.2326755554384219,2.682570010305358
47b037331d40ebaca012215f9739ca3be6b40704,RHM.XETRA,2026-06-03T13:03:00Z,True,0.169577747948213,454.0802213001383,0.23740265753970924,349.1033304867634,0.15261378356559163,308.58644859813086,1.0852913972808187,211.04502973661852,0.42394436987056583,231.90451068319703,0.169577747948213,0.15891550098737736,0.35517837892328574
e1a347c46cac133fbff198d1788c69df6029ba16,SDF.XETRA,2026-06-02T11:39:00Z,True,0.0,480.11382658185465,0.1363258350374874,335.1397743992153,0.1363258350374874,345.95775673707215,0.27266530334015826,251.37600494743353,1.7041581458759447,42.696017658976146,0.0,0.12352485657493746,0.567765825456532
b12940c9919078ade407c4b992c538756d702c1e,BKHT.XETRA,2026-06-01T09:47:00Z,True,5.277777777777781,208.48765432098764,5.555555555555558,507.25308641975306,4.722222222222228,625.6172839506172,4.722222222222228,625.7716049382716,4.44443888888888,698.9197530864197,5.277777777777781,,0.739551140970488
033645c96270bb9e40fa7cdf224f1ea0fed9a016,EKT.XETRA,2026-05-28T09:38:00Z,True,2.0105820105820182,1655.6818181818182,2.0105820105820182,1769.3181818181818,2.9629650793650875,228.23365785813633,2.222220105820094,176.45811240721102,2.222220105820094,158.74476987447696,2.0105820105820182,0.27434328506426603,0.40494207304448704
5db4e4e7637abdc4d6a9f9a427d93037536a948a,HMU.XETRA,2026-05-27T15:02:00Z,True,3.13252771084338,-34.857142857142854,3.373496385542185,8.714285714285719,3.6144578313253017,97.28571428571429,1.6867469879518149,105.85714285714288,0.722889156626505,79.39024390243902,3.13252771084338,1.722922021671218,0.841188383763193
0b3fa6cbe5ab60ac0c34ef9236a4f2191a4201d8,VBK.XETRA,2026-05-27T14:37:00Z,True,7.411507395229755,3735.702746365105,6.8584072693143705,2643.5201401050786,6.471241882501166,1010.7009820521503,6.249997407356123,428.7570621468927,7.411507395229755,103.16473404420678,7.411507395229755,0.23008303528120141,0.3894770292043486
672317d0c2ac30d287a55f9770015b1fa8a60ae8,2GB.XETRA,2026-05-26T12:46:00Z,True,8.383754827441825,1381.2749003984063,11.495250181339678,429.0637191157347,13.396716107060191,795.3218116805721,16.24892363868362,1235.0024073182474,21.348311887582085,1537.5694568919162,8.383754827441825,0.9026565498738919,3.281571800040054
3f9408195f27199485010fb29d088c15f46c8dd7,93M1.XETRA,2026-05-18T10:43:00Z,True,5.405400900900914,74.58333333333333,10.360360360360366,412.91666666666663,11.261261261261257,719.375,12.612612612612617,871.4583333333334,12.612612612612617,992.9166666666667,5.405400900900914,,2.486575305801299
2c6a4a85415a2b6213d1dfdd5201eab907203e0e,DHER.XETRA,2026-05-12T10:45:00Z,True,3.7085514834205746,1987.4530271398746,2.7486867364746814,1602.8540215758567,2.486906631762653,575.6413538839674,2.9232111692844676,387.09709023219364,5.3228577661430965,295.0412796697627,3.7085514834205746,0.25607424096917186,1.057544112941747
b5e01bd06d495d50bdad850ca8b2c5ac85576183,NDA.XETRA,2026-05-08T09:58:00Z,True,-1.285347043701801,7203.908794788274,-0.9254519280205709,4120.73732718894,-0.5141388174807249,1430.6273062730627,-0.9768606683804637,109.29920043002083,-2.87918097686376,300.7786205857236,-1.285347043701801,0.30162637727196884,0.7631086876991867
c31c6859ef242eda1969fc8acd694b34b6dda047,DBK.XETRA,2026-05-07T07:46:00Z,True,0.0,-47.810478654592494,-0.05448964765710773,9.914171462011122,-0.036324010170729615,-57.54309642519634,-0.10897203051217774,-10.708517913693083,-0.3087577188521706,-44.54561671099495,0.0,0.21910067166594965,0.10232112409303093
80445a165e17e666bc93a2b6bf1684aed51dff72,ELG.XETRA,2026-05-04T14:13:00Z,True,2.0652190217391286,1195.9349593495936,2.717391304347827,1089.3296853625172,0.7608657608695557,716.4980544747082,1.3043440217391344,649.318600368324,0.0,547.1752085816448,2.0652190217391286,0.28751503948759133,1.0025022009473221
83d44876440529f56ae7d12383687098dcb73c19,BSL.XETRA,2026-05-04T09:16:00Z,True,6.10766594760177,1489.401888772298,5.590062401141949,1264.5945945945946,5.848866762363714,-24.895874652915506,10.507252096648667,397.6600805864362,9.989653726172554,432.4235403151066,6.10766594760177,0.4324604445385392,1.9021119961169806
ccbcfd6392719c46dbb2686993c5f0dd65775d6f,AOF.XETRA,2026-04-30T09:31:00Z,True,0.0,1322.2222222222222,0.2503091332877405,1283.8235294117646,0.2503091332877405,556.5116279069767,0.31289110997632097,308.9655172413793,0.37546307414939584,101.33779264214047,0.0,0.45461912949364325,0.1968722043901062
2b5f8142645872b08c0a09c96ecaaf956baf91b7,V1NC.XETRA,2026-04-29T15:08:00Z,True,-0.4697286257687172,90.20172910662825,0.5219259145055499,40.20752269779506,0.10438935826666551,138.70274914089347,1.5657620858957388,100.84012849023969,4.90605975501357,327.2941176470588,-0.4697286257687172,0.25895663493044413,0.41393613693369147
5c5930923c40e4553936934e13db48cd8aff839c,690D.XETRA,2026-04-27T13:00:00Z,True,-0.680421795666053,47.77858507575146,-1.7778763048048263,-36.46439029025878,-2.3266035593742074,-32.615061146186605,-0.680421795666053,-24.956790820053808,-0.7901672465799314,-29.161288934778874,-0.680421795666053,1.3611887480832905,0.6033395609370886
b9f15f5bd14865a000e4deda1a868bd1514b4f1a,JUN3.XETRA,2026-04-24T09:25:00Z,True,-10.8910891089109,40104.09836065574,-13.012729844413007,43772.463768115944,-12.729844413012737,57559.78260869565,-13.295615275813299,53799.76019184652,-11.810466760961813,13083.832599118943,-10.8910891089109,0.15593466779554066,0.9197177869308182
900c557bd567898c72ab04d940b8b8441099d3d0,SDF.XETRA,2026-04-22T08:32:00Z,True,0.8441558989711773,158.94716998916064,0.9090909681227943,237.21856988472624,0.32467534575815193,316.8363967544296,-0.1948052074548845,379.54896820595553,0.7142922541748309,272.3083788909963,0.8441558989711773,0.3450333669573397,0.5113716297350953
3520eb91d917ec8459aa4c00545d7b007e787f43,TUI1.XETRA,2026-04-22T07:19:00Z,True,-2.341151059085844,7160.516533912623,-2.146056298773691,1642.1153495954698,-2.0903010033444858,1902.3699477102646,-1.9788322185061435,447.73875584260725,-2.173926978818286,259.02936755762346,-2.341151059085844,0.22296546121590147,0.31108102402855203
9fc6cfefdad6000e0a552a31a2acc57dfb362cd5,SZG.XETRA,2026-04-21T15:07:00Z,True,2.3208900569301694,1801.9133937562942,4.540867901934775,2019.9459093982418,4.439961744499743,2373.7100737100736,7.97174789044901,1909.9901735997382,7.164478449333567,811.1550632911392,2.3208900569301694,0.5899701351845715,1.0004305434682923
f9bc4e3f80753602ccd29e1641cc7c3fe8a47b6d,CA1.XETRA,2026-04-16T10:25:00Z,True,-0.10741138560687036,50420.0,-0.10741138560687036,50420.0,-3.6519871106337254,112170.0,-4.940923737916226,119040.00000000001,-3.6519871106337254,265.6045965003917,-0.10741138560687036,1.3540268114567076,1.8419979093228553
a7adc82c70b772389e4734671c8739cab06bcb0d,BEZ.XETRA,2026-04-15T10:04:00Z,True,-1.1299155734224797,-99.16666666666667,-1.1299155734224797,-99.16666666666667,-1.1299155734224797,-99.16666666666667,0.0,734.1666666666666,0.0,734.1666666666666,-1.1299155734224797,,0.8035104590407084
d84390d594110937c3fcaa207c3040910dbd2141,CA1.XETRA,2026-04-15T09:45:00Z,True,1.3017871363061762,1742.3841059602648,4.792899975491105,8986.092715231789,5.325444417212344,11563.576158940397,8.639066111132077,14085.43046357616,9.112438948217626,822.5921947726458,1.3017871363061762,0.25148189195287224,2.5952885751092922
a5461f732651ef5a568a71b4b393510f088a835f,FTK.XETRA,2026-04-02T09:35:00Z,True,-0.06644850498338517,14.733096085409247,-0.06644850498338517,4.0000000000000036,0.13288704318936695,-53.92220073071137,0.0664451827242507,-61.028401282638576,-0.33222591362126463,-39.931685100845804,-0.06644850498338517,0.13142209680929862,0.21442123708267433
25e584640bc5ccf87a53c6438fd0e2b789b094ee,GXI.XETRA,2025-12-22T15:28:00Z,True,2.066416974169738,141.56982282339493,1.4760147601476037,164.25207081370797,1.4760147601476037,208.96540522981974,4.428040590405891,519.474034620506,2.435424354243554,592.8654376542314,2.066416974169738,0.23672390406370888,0.8228968474557485
f05d2303c735f2c30caf5413e0d1b100e1e3648c,DEZ.XETRA,2025-12-17T13:45:00Z,True,0.7803242233282326,3055.2238805970146,0.7803242233282326,6185.927505330491,0.6002521728994292,9945.833333333332,2.4609846891938236,7393.418803418804,4.321729210291614,1028.2807636921075,0.7803242233282326,0.17320389983807238,1.9139854215236562
9dbb2e54d411c31f7d102c10cc55738e9b8f02e9,CEK.XETRA,2025-12-17T10:12:00Z,True,2.4647959482250625,571.6646989374262,3.169014307677065,1104.4548651817117,1.0563451448130312,1327.6223776223776,-0.7042183594520024,1932.0973348783316,-0.3521127008530134,2336.3327674023767,2.4647959482250625,0.7067138308631682,1.4441695812354647
cdf1ca1e5dcf56a57a2921040483cf1031c54d75,NCH2.XETRA,2025-12-16T08:29:00Z,True,2.287179451992305,2907.4626865671644,2.287179451992305,2907.4626865671644,2.287179451992305,1601.4475271411338,1.6518553560171956,1986.4897466827504,0.8894664408470865,2087.5753920386005,2.287179451992305,0.4151256399414731,0.5237246992691552
f37500649f8a1d3465e405fc3df0dcc3716510c4,FRA.XETRA,2025-12-12T12:41:00Z,True,0.07042676056339126,961.1992071357779,-0.07042816901409177,752.2918258212377,-0.07042816901409177,629.3994622049596,-0.9154957746478898,777.1735882880191,-1.2676084507042273,246.8999386126458,0.07042676056339126,0.20434389123549718,0.5300010038945002
2c0bf86377cdac3269cec65d6065af8b3977e109,PAT.XETRA,2025-12-10T15:27:00Z,True,3.2214903653007276,4935.153583617747,3.2214903653007276,6922.054380664653,5.771826278097492,9470.996978851965,14.362431458044478,43469.48640483384,11.275169298680442,24069.502074688797,3.2214903653007276,0.07743514037035144,3.227527580972289
11eb86902faf788db28284723b5500509f4bf2c4,MUV2.XETRA,2025-12-10T15:11:00Z,True,1.121495327102795,6277.604166666666,1.3457966355140183,1631.2940140845071,1.6074719626168132,1105.110685979776,2.018689158878506,679.4273839759871,1.9439297196261807,581.4972799208705,1.121495327102795,0.15709429738103067,0.32791534406304895
bd1467ce1720bda68953d8d75c9d591dfbfafb2e,DB1.XETRA,2025-12-09T15:00:00Z,True,0.3141817731483476,777.9591836734694,0.13465125491942675,572.4437998549674,0.0,785.7345299952764,-0.08976525911447153,658.23947322821,0.3141817731483476,288.3454961333188,0.3141817731483476,0.24439717058023974,0.21212806299850132
0bf949a422dca03a72dcb68425b9bc89af9597dc,AFX.XETRA,2025-12-08T13:53:00Z,True,-4.772940333015296,8612.037037037036,-5.004631719291741,73072.03389830509,-1.992585773692901,49602.88461538461,-1.2511608260231788,38658.8424437299,-5.421686872606268,5264.073071718539,-4.772940333015296,0.0762802609392267,1.5290877630142843
302b5e8450c2e543f8fe0803a3f7049eac1e5202,ACT.XETRA,2025-12-04T15:21:00Z,True,0.60789282942737,-83.17460317460316,0.7598783848079771,-77.39872068230277,0.9118517821344208,-74.57983193277312,0.9118517821344208,-54.311649016641454,1.9756762017168805,113.21428571428571,0.60789282942737,0.2462304345062329,0.6508112854037615
3b2fb2024cf2f0273826b9a65cfaa1f5ff5ba6a8,G24.XETRA,2025-12-03T13:34:00Z,True,1.1020940186586614,200225.0,1.6241323259458262,67988.67924528301,2.0301625072001173,7712.991452991453,1.8561566986615707,9048.803191489362,2.0301625072001173,6060.558583106267,1.1020940186586614,0.1511148025315841,0.39379764467494777
80c9e5ec7972bd49daf2f563fe4639dfddd46d5b,WAC.XETRA,2025-12-02T13:05:00Z,True,12.500005514706135,342.1866888173606,14.950986027009105,359.7305263157895,15.93137332996928,429.57911145752144,14.705883073817795,58.72709927379631,14.950986027009105,-14.09267147922353,12.500005514706135,2.79046844572755,1.0702010397787831
19f72c394839282b471ed6b12f2e279d0a92ea32,JEN.XETRA,2025-12-01T11:15:00Z,True,0.0,-68.65021770682148,-0.10433489827856857,292.45953414923014,-0.10433489827856857,270.9328358208955,-0.8868022952530086,295.1785169362222,-1.0954668753260455,63.266257478051436,0.0,0.17496947026884166,0.3654279558630573
9386238f740827dabb65d178275b124b847f2558,DB1.XETRA,2025-11-27T15:38:00Z,True,-0.7860279475982557,4171.521456436931,-0.3056755458515248,1548.766124509254,-0.8296917030567674,631.2098813460416,-1.7903960698689936,8.09479985958388,-0.3493467248908311,43.345866693431944,-0.7860279475982557,0.2492167104604752,0.5827790674773036
ecbf36113b4e4a238de4246bf74dd09b4da85342,JEN.XETRA,2025-11-25T12:54:00Z,True,0.2067131782945708,8971.506105834465,0.0,147.49411848577742,0.10335917312660481,148.00812428734324,0.10335917312660481,153.29644997694788,0.9302325581395321,173.11504852692298,0.2067131782945708,0.23149875516024243,0.31180517155941334
d7e78ea349ea96d43dd737c48f4327d7edfb02c9,DBK.XETRA,2025-11-24T08:40:00Z,True,0.016762192618147154,122.00879765395895,-0.10054969333165298,-49.4002743484225,-0.25137926098136587,-69.54640324325506,-0.51952071458089,-66.76146767315213,-0.7709066790986041,-65.67878452666183,0.016762192618147154,0.2729113527272267,0.3854713095256853
9c314c619d266fcd8e79efbaa39c36ad8d89a857,JUN3.XETRA,2025-11-19T13:17:00Z,True,0.24768421819456599,-58.730158730158735,0.6191981615850883,-69.33333333333334,0.6191981615850883,-69.33333333333334,0.0,5015.181518151815,-0.7430278867810447,1331.2691131498473,0.24768421819456599,0.16297730043712438,0.4470584677042278
8238cca014f41f72d93fcb2046da1e76474dfa3e,IBU.XETRA,2025-11-13T10:20:00Z,True,1.3157894736842035,-96.96969696969697,1.0526315789473717,239.3939393939394,1.0526315789473717,1303.030303030303,1.578942105263148,2539.3939393939395,2.368421052631575,112.55172413793102,1.3157894736842035,0.6098801050411701,0.3839940994808702
4d814eda6db90f0c932eaee2351f3ddc266982ac,TUI1.XETRA,2025-11-12T13:55:00Z,True,0.4888783933838292,50275.858250276855,0.6518333313190405,12534.014084507042,0.678992487641561,3948.122065727699,0.2987642991260753,2047.1179570328336,3.476372009284634,524.2839542723982,0.4888783933838292,0.11149203231443279,1.1878801179334086
6bb89c8582dea33f53897a7c0bc65f1a2cfba066,MLP.XETRA,2025-11-07T09:24:00Z,True,-2.5862068965517238,8586.388888888889,-3.448290229885065,9100.277777777777,-3.448290229885065,8953.826530612245,-5.172428160919528,3032.223830197781,-7.327600574712645,2503.669467787115,-2.5862068965517238,0.19227719469229942,1.754796882927354
90cb70b94c0abd8fd5d985d986cae306b7995740,HOT.XETRA,2025-11-06T11:17:00Z,True,0.5455939077413818,2565.868263473054,0.9353055120349341,2200.9493670886077,1.2470697292189303,2519.3939393939395,1.7926757180200648,1100.523560209424,1.3250171163285085,959.9234554401312,0.5455939077413818,0.20881649670929886,0.46495356490898626
200bf0ccc5abf68a61314f0ee973b88e14c01b8f,SBS.XETRA,2025-10-30T14:25:00Z,True,-1.8480533880903538,89750.0,-2.258731006160175,100200.0,-3.0800821355236097,122625.0,-5.9548295687885,179180.0,-6.365507186858322,64971.428571428565,-1.8480533880903538,0.3075345976422318,1.9721913030937355
9439c1f3046fd92585b0b52335a5ae712f63ff7c,2GB.XETRA,2025-10-28T15:51:00Z,True,-4.976677916744087,14367.307692307693,-1.7107340058869713,22136.53846153846,-0.46656608191085747,47486.53846153846,-3.5769858918511477,14503.492063492064,-3.4214680117739427,11039.121756487026,-4.976677916744087,0.14884458334865025,1.6577989483279025
f809c63395c9e7c476d885328cbf1d875eff506f,GXI.XETRA,2025-10-28T15:02:00Z,True,0.6338028392184114,8670.02398081535,1.4084507538186797,1417.6092937939468,1.9718310553461516,1176.9984917043741,0.35211620958155443,819.0615835777127,0.35211620958155443,213.19864828726324,0.6338028392184114,0.3325497333655281,0.6565246167948813
50f7810ab2cd9f7c2e8b3e5aaf60770205b86594,SMHN.XETRA,2025-10-27T17:47:00Z,True,-22.702099817392018,59.94117647058823,-24.4739714548157,692.6315789473684,-24.307858488807234,1712.7078545356226,-23.864890579451313,2983.4086507424145,-21.650053801221148,3905.2625635234326,-22.702099817392018,,
4c8047b80e6632ae37e00672a5b3e997b384217b,NOEJ.XETRA,2025-10-27T16:14:00Z,True,0.6729542848556092,11813.617886178863,0.0,9674.336283185841,0.1345962405515655,6756.21359223301,-0.8075370664560655,3328.536821705426,-0.13458278160045634,498.8476831940274,0.6729542848556092,0.13440860941040625,0.35513694880103847
39224da8b5cb0e661fa456e09408983d8b76825a,EXL.XETRA,2025-10-27T09:15:00Z,True,1.5723270440251458,35.72267920094008,0.6289308176100628,-45.555082943428324,0.0,-47.269303201506595,-1.8868238993710706,10.217138425746409,-2.201289308176102,35.543136121282195,1.5723270440251458,1.5627056454800745,1.5886116287283627
55795a2b1dfdb6c262a9ad07f6787fd861a1bf5f,GXI.XETRA,2025-10-25T17:24:00Z,True,0.6929972279972274,13.506551685519085,0.0,11.324926791370338,2.1482986832986883,81.86468054558506,1.8710984060984037,92.53425992076379,0.6929972279972274,98.12937539776343,0.6929972279972274,,
773516daaa7447bb694c92df0b3dd1c06feb9fda,WDL1.XETRA,2025-10-24T14:30:00Z,True,9.695152354570634,367.741935483871,16.066343490304714,928.5714285714287,10.803324099723,-16.90985732814526,8.587119113573415,-6.401692273435755,10.803324099723,21.014618865297606,9.695152354570634,,3.03410225198299
8bd9c40200e923b6073f4d31f4a8a83f9bd11f26,TPE.XETRA,2025-10-24T12:41:00Z,True,-13.633265167007503,8162.5647668393785,-9.406956373551466,2866.711726934775,-10.08861963190183,3174.476704929102,-10.429447852760731,4236.761778367618,-4.15814587593728,6050.119832234871,-13.633265167007503,0.27098419059453316,1.5383044154067476
48f7b3cddcd5346663cb4ed2f98e8f9818aafd9c,MBQ.XETRA,2025-10-24T11:32:00Z,True,15.517440547311278,9120.0,16.37951099915689,112.59259259259258,15.517440547311278,158.2765335929893,20.68969084429455,24.34322033898304,,,15.517440547311278,,2.2782941528639307
3b33d2f393cc80e349dfe9ac8c4862a39dc6ec5f,UN0.XETRA,2025-10-24T10:16:00Z,True,-2.852614987404589,1554.8387096774193,-2.6941332074210234,1456.4102564102564,-2.0602219353477613,2690.4761904761904,-4.120440701123318,1516.1073825503354,-3.486526259477851,299.5607613469985,-2.852614987404589,0.5432021227136217,0.7398185204106507
aec0a2c7c85e13feec35e44d87afefdbf278de31,H9W.XETRA,2025-10-24T08:34:00Z,True,-3.3232336323968603,0.0,-2.1147740528018155,4283.333333333334,-6.344412792873955,4972.222222222222,,,,,-3.3232336323968603,,
51c0f8c3f4593f8430d071503d143a92048b05aa,BBZA.XETRA,2025-10-24T05:00:00Z,True,1.3284999679106235,21550.0,1.57004344033711,889.5522388059701,1.4492729118533054,150.47846889952154,1.3284999679106235,100.9811320754717,2.41545887885366,121.94740952876857,1.3284999679106235,,
afb2944c348251ea153339ee4666f64ff907c218,HBMN.SW,2025-10-24T04:30:00Z,True,0.3012083393816978,18.421052631578938,-0.10039960040962859,158.97435897435898,-0.5020080422090012,-12.28070175438597,-0.30119980524496714,-23.863636363636363,-1.1044156848276199,178.07125307125307,0.3012083393816978,,
1d7196b5fcbd853ea8a535b67af3a9619b805c86,AEIN.XETRA,2025-10-23T23:43:00Z,True,12.804884927127125,772.0652173913044,14.024397196609574,764.5979020979022,13.719513031677621,820.9807073954984,14.024397196609574,1004.4179523141654,10.060976223230256,1921.2778782399034,12.804884927127125,,
9002ef9ceb8ff15202e52fa51ef5125280bd5cce,C3RY.XETRA,2025-10-23T20:29:00Z,True,16.491257002205263,1020.6327372764786,12.280723299514552,2404.98753117207,11.228265312746167,2099.3736951983296,8.4210674053814,132.28986135181975,8.772120652843252,49.17433702683161,16.491257002205263,,
0b1432bbce8bb8ea8c32ccc94eb9004288b81f86,PTP.XETRA,2025-10-23T18:59:00Z,True,-1.2556514016275222,758.0645161290322,-6.2785423964283105,462.1951219512195,-6.2785423964283105,97.04724409448819,-5.821921131233532,436.2212943632568,-8.675746961042785,499.1222937390287,-1.2556514016275222,,
9f469858d42b87fde4da400f89e6ab34273a8f93,HAG.XETRA,2025-10-23T17:48:00Z,True,3.4968662788037674,30.458656330749356,3.1315239102863046,-1.1683750268797977,3.549053124768675,-8.310475915499737,3.027132473054306,23.469885044290905,3.0793287135909564,48.764929424538536,3.4968662788037674,,
e3794afe9bf551bcad4f23b6ac92e0afbd3deeb6,KGX.XETRA,2025-10-23T15:22:00Z,True,0.359068222621195,9.81298129812982,2.42369658886894,29.852216748768477,2.5134614003590627,-66.25682411583195,2.064628366247745,-92.54860664209521,2.7827648114901127,-94.19637891064745,0.359068222621195,0.8678343220915538,
bb24abe30ffd815eac7ad8e9aa76d5512e832331,HGEA.XETRA,2025-10-23T14:50:00Z,True,24.836617540272886,-99.175,16.993475159134075,-78.46,15.032689563849377,8.62223998401439,29.41184928879037,70.36031142495021,,,24.836617540272886,,5.04427269029278
c18d0229e0e2705f579d025c8f3a5a758892280b,WSU.XETRA,2025-10-23T12:36:00Z,True,4.325702400145093,-89.38461538461539,3.5623436020952637,-63.83219954648527,2.798987348574755,-69.30835734870317,3.0534377367287036,-82.14138073584125,1.7811730733122921,-55.58170813718897,4.325702400145093,,0.5396276835684855
2f68b02cd8aa97a737cdac8c4c71483007d921c9,FREN.SW,2025-10-23T05:16:00Z,True,-0.2848946031278943,416300.0,-0.5697949042618222,225600.0,-0.2848946031278943,210040.0,-0.2848946031278943,13226.506024096387,-3.133897614467096,483.1394202326957,-0.2848946031278943,,
d0d6ba262f72ee03f1dfb3e927f7fa0e5998ad19,GALE.SW,2025-10-23T04:40:00Z,True,1.7318469273743142,406.712962962963,1.9553072625698276,219.08602150537635,1.8435765363128631,-18.854886475814414,1.8994368715083754,83.41293964394268,2.402235754189941,42.86852589641435,1.7318469273743142,,
0dff65496b3b652a392795122f2484c6c0ab7b3b,YOC.XETRA,2025-10-22T16:12:00Z,True,-10.970464135021086,2532.0,-8.43881856540084,366.48501362397815,-5.9071814345991625,236.40776699029126,-7.1729957805907185,233.80588876772083,-8.860759493670878,246.66991949255913,-10.970464135021086,,
dff281e6a320c4d7d0c2c7e77e2c3031d6550418,2HRA.XETRA,2025-10-22T08:45:00Z,True,-1.2121214569942307,-91.44451332920025,-2.020202428323714,-91.65109034267913,,,,,,,-1.2121214569942307,,
678bbcf11495a1778528441c04c151993c849d10,DOCM.SW,2025-10-22T05:00:00Z,True,-3.751066283216753,3710.890527509926,-4.006803752225707,888.8579724171304,-4.51832984114745,810.9624600638977,-3.58054622004198,502.3187537447574,-4.262575321837225,364.53268552850284,-3.751066283216753,,
af3cd70186e1b3ec8d8e614a42c4aac070122aa7,NB2.XETRA,2025-10-21T21:26:00Z,True,-0.14286428571429477,233.4365325077399,-0.14286428571429477,188.1054567749847,-0.4285785714285728,65.035134480252,-1.7857142857142905,-23.12995518786626,-1.5000071428571404,-9.10812254211778,-0.14286428571429477,,
a06d930d5acc152a2cf527add4e24abb6c4b6573,TMV.XETRA,2025-10-21T21:06:00Z,True,-21.946914454277277,4699.306778169014,-19.941014749262532,13106.535433070865,-20.118005899705004,11863.129102844638,-18.407091445427724,11295.893156624534,-17.522135693215336,6161.149185458631,-21.946914454277277,,
051e60529cb2125d0936ca9be10b9b2a75f567e2,ADS.XETRA,2025-10-21T16:02:00Z,True,-2.7656819462227866,534.078947368421,-2.2535180537772037,483.2062780269058,-2.4071687580025536,416.37269353936864,-2.227916517285533,273.2797615879943,-2.5608194622279146,284.9142363539139,-2.7656819462227866,0.15724598718490854,
1285805874459f20ddfcb94b36d712e8ddaf2363,DOCM.SW,2025-10-21T15:53:00Z,True,-3.751066283216753,3710.890527509926,-4.006803752225707,888.8579724171304,-4.51832984114745,810.9624600638977,-3.58054622004198,502.3187537447574,-4.262575321837225,364.53268552850284,-3.751066283216753,0.11625029392640554,
a15a165226a6a051a48c713f805c817d5cd5fb03,PSM.XETRA,2025-10-21T11:15:00Z,True,-0.09051583710407707,468.4507042253522,0.0,253.96825396825395,0.0,-11.410707307542012,-0.6335022624434417,650.7140369209335,-1.176470588235301,425.8459944751381,-0.09051583710407707,0.142617599058192,0.42064397289756544
d163ca0f5e0fd0cbbfbb70f772473612d7920c04,BIKE.XETRA,2025-10-21T08:12:00Z,True,8.496734802854512,1165.8227848101267,7.843139818019562,978.0669144981413,8.823532295271995,744.5169712793734,12.745134884031017,881.9707634001082,,,8.496734802854512,,1.8703316815237656
801d7dc88f9b271bbd46a27a59643ba7b1411a1e,MBB.XETRA,2025-10-21T06:29:00Z,True,7.526886216775419,73.6842105263158,7.407413690871545,167.74193548387095,10.513744167241402,1752.7777777777778,10.035844505680469,492.4050632911392,9.916372577148191,180.10471204188482,7.526886216775419,,1.614479201387959
5c325d13cdfe923d658b4cff496b3ad4b16556fa,VH2.XETRA,2025-10-21T05:25:00Z,True,14.268728044440614,1768.5454545454543,14.62544981273366,1119.7905759162304,16.76575307409638,1105.5603079555174,15.933415361080039,931.2138728323699,16.527945696265057,660.2710413694722,14.268728044440614,,
492bbfa19ba8e59ba1181a2178c4070e28b89e67,EIS.F,2025-10-20T12:51:00Z,True,33.89131792629605,-40.400000000000006,36.483447845096805,-17.000000000000004,30.64334790755776,-62.046444121915826,,,,,33.89131792629605,,2.189064014857746
c31cb6982a228646acf765bdcd28c11685254162,C3RY.XETRA,2025-10-20T10:26:00Z,True,0.6646190442176847,-86.20594523760259,-0.6644529309849379,-91.49577322061921,-0.3320603522597221,42.004365319378344,-1.9933587929547913,62.55550331713942,-1.9933587929547913,7.459549081434758,0.6646190442176847,,0.9397950257888239
0ac3c3dbfa3f9d3ac082000ecfd8e607b86d69df,SHF.XETRA,2025-10-20T09:54:00Z,True,2.989137309487422,17880.0,2.989137309487422,7333.333333333333,,,,,,,2.989137309487422,,0.827880100638442
b0e033c8e7b955e46c748f7dc04af27f88057c03,APM.XETRA,2025-10-20T05:51:00Z,True,10.563419212471548,390.7,12.67609601270987,179.99999999999997,12.67609601270987,-11.900888499562011,13.380321612789302,43.36544962812712,,,10.563419212471548,,
b63c21e53759eb37820ffa312da2332ed37ea477,ARYN.SW,2025-10-20T04:30:00Z,True,-1.449275362318836,400.0,-0.48309178743961567,375.43859649122805,0.0,376.6169154228856,0.5797082125603925,149.17243454709597,1.7391323671497538,187.11509063114215,-1.449275362318836,,
22ce35f3d52015e35dce8cad02357c1bd505ac20,BYW6.XETRA,2025-10-19T18:48:00Z,True,2.3872682211230956,32642.857142857145,1.591512147415397,558.2210242587602,0.6631433240243068,237.95476892822026,-0.13261274968338066,252.4163568773234,1.4588993977320275,260.02737850787133,2.3872682211230956,,
321a7b769503a6bc366757433b4ef73f8f4d9cc7,AIXA.XETRA,2025-10-17T12:38:00Z,True,-10.149375718115671,24209.30414386239,-4.481041746457293,21358.4968530174,-1.4936882420528486,15772.76636407071,-0.6893910379165091,5106.7049441786285,-1.5702795863653751,2440.044224491945,-10.149375718115671,0.2124441338721655,2.6211831383557276
9eac5a6d98a0c979e431d0481548d0a7c87deae0,P911.XETRA,2025-10-17T08:18:00Z,True,1.678022941538071,20451.292246520876,1.556420309164408,4774.311926605505,1.191639163017455,1678.7705171879838,0.8025340857263696,1253.5237675085475,1.2159533665347055,417.9950268289491,1.678022941538071,0.31417498061923715,0.46396501317742517
7cb29deb2e905b30116ccb162548a3a4f12854be,NBG6.XETRA,2025-10-16T21:58:00Z,True,13.461538461538458,111250.0,13.942307692307686,7436.274509803921,12.98076923076923,6921.818181818182,13.461538461538458,15362.5,14.423076923076916,1017.0633985387698,13.461538461538458,,
1fb939a023ecbe75d449317f9518594e2473e905,NBG6.XETRA,2025-10-16T21:58:00Z,True,13.461538461538458,111250.0,13.942307692307686,7436.274509803921,12.98076923076923,6921.818181818182,13.461538461538458,15362.5,14.423076923076916,1017.0633985387698,13.461538461538458,,
a1d4cb4a13dabd0c96bb29492389c144bf5ad81c,M12.XETRA,2025-10-16T16:39:00Z,True,4.895104895104896,284.61538461538464,8.11188811188812,4604.7619047619055,8.391608391608397,102.39927569035765,6.293699300699296,86.24436787702095,6.433566433566429,179.43298969072163,4.895104895104896,,
467c9e12181f146e8741cd47000457762b535142,CON.XETRA,2025-10-16T16:32:00Z,True,7.339449541284404,1619.215445908673,7.302750458715601,527.3253570050174,7.486240366972474,597.8710120496972,8.000000000000007,533.0346500061655,7.633025688073403,291.2509644738166,7.339449541284404,,
9f69ab8c388482c9da2aa12d9b18d258c53a1411,DEZ.XETRA,2025-10-16T07:32:00Z,True,0.7575875008843047,-82.82997224791859,0.6410373707502748,-76.13860492697202,1.165512956353476,-71.29469673663536,1.165512956353476,-48.98044338915023,1.9230771472117825,-37.1992091757282,0.7575875008843047,0.5458804418250971,0.4593965209064972
f6d56cd6b96ad391b8f2780eedb1a472400fa1dd,DAM.XETRA,2025-10-16T05:45:00Z,True,1.6949152542372836,76150.0,4.237288135593209,336.7088607594937,6.7796610169491345,386.8613138686132,11.864402542372886,272.1387283236994,,,1.6949152542372836,,
babcab9f9baa67ccb6bcbed04b97ee440783e542,ABBN.SW,2025-10-16T04:45:00Z,True,-0.9738112663900012,51.22877163223683,-0.7723354470729471,66.75041536653563,-0.26863666439495004,48.3923174417471,-0.8059099931848501,17.505548217530364,-0.23506211828303591,28.439693183053482,-0.9738112663900012,,
bd9c1b94bf516cd12a1422282052263196e14693,FTK.XETRA,2025-10-15T17:56:00Z,True,5.448721153846159,839.6415392725355,4.743589743589749,640.6453614644741,4.807692307692313,599.0940580868639,4.166666666666674,576.2124524330014,4.935900641025648,484.3119596541786,5.448721153846159,,
3fc7f6ad32a6f01f712ff8d279b3720a8b1b37a9,DRW8.XETRA,2025-10-15T17:24:00Z,True,7.894738721804506,5724.0,9.022556390977442,3115.0,9.398496240601496,3150.0,11.654137218045113,1625.8883248730963,10.526313909774432,243.63270777479892,7.894738721804506,,
9847b907634f62830de972fe36e24af94ff842e3,RAW.XETRA,2025-10-15T17:00:00Z,True,-0.6076975016880426,250.0,-0.8777852802160702,-84.31372549019608,-1.0803544902093232,8.920187793427225,-0.13504726536124334,-6.727828746177367,-0.6752194463200523,-28.5377358490566,-0.6076975016880426,,
701f8c53dd47f9f9afc15c6ed7c092aee18ff0b9,CICN.SW,2025-10-15T05:00:00Z,True,-2.278481012658229,3754.5454545454545,-2.784810126582282,3622.5806451612902,-4.556962025316458,2409.756097560976,-6.075949367088606,681.2392426850258,-6.5822784810126596,171.53804050355777,-2.278481012658229,,
1ff22ae5ba35a5216bcad06eafdadeed74ba4276,HTG.XETRA,2025-10-14T21:05:00Z,True,1.4662756598240456,-95.66666666666667,0.2932551319648091,-96.11111111111111,0.0,57.886904761904766,0.8797653958944274,798.1185736162764,-3.812375366568921,122.05791362455143,1.4662756598240456,,
bc1f66ef0435039cf1b2d8dfc00371a8c3d7028a,SIS.XETRA,2025-10-14T10:55:00Z,True,2.5089624105548936,17.777777777777782,1.4336899898510724,114.58333333333334,5.734768919977928,76.5625,1.7921147274572613,92.1875,,,2.5089624105548936,,
e062412311ae55d63ce596618d9d286c1adc2105,BEZ.XETRA,2025-10-14T10:20:00Z,True,-1.0230434782608766,-16.666666666666664,-2.8133248081841478,-37.16279069767442,-2.8133248081841478,-47.60393525864804,-0.7672634271099765,63.86642316723192,-0.2557544757033292,104.97654155495977,-1.0230434782608766,,1.0570495923392234
70f0e019e5a7682778d4c975db729ab3e787493a,PEHN.SW,2025-10-13T16:00:00Z,True,-4.8387096774193505,250.65789473684214,-4.8387096774193505,53.125,-3.2258064516129004,-76.34207240948814,-1.6129032258064502,-30.17062005826051,-1.6129032258064502,16.250520183104445,-4.8387096774193505,,
7d6a0ea56c298bb53ecc01f41d6ff352efdaf5ed,NBG6.XETRA,2025-10-13T10:30:00Z,True,22.37761809868468,2835.2941176470586,22.96036866105937,1531.0559006211179,20.046615849185923,1947.872340425532,21.794867536309994,312.03917050691246,21.212116973935302,406.1702127659575,22.37761809868468,0.7689824298305602,1.5587850918481412
79231c88ffd2d6aea687ea60ec9f68b66db57b5c,ST5.XETRA,2025-10-08T15:21:00Z,True,4.803498026353625,63437.5,6.768563614347745,63437.5,5.240179268130096,99250.0,4.58515740546539,893.0693069306932,4.58515740546539,543.9807383627608,4.803498026353625,0.4538498663346733,
d853f2d89021ae223893656e3c3b20489f2504e9,NDA.XETRA,2025-10-07T15:11:00Z,True,0.6661140826996537,666.8021680216802,0.4995820233069548,239.06485671191552,0.5828517998809568,81.9253859348199,-3.830139947212985,43.14335060449051,-5.079099168677759,242.06588043920294,0.6661140826996537,0.17161316860165834,0.0827835265180061
0bb9d459407d70e983ca35086d70a2f7d3930681,G1A.XETRA,2025-10-07T13:06:00Z,True,0.0,54.216867469879524,-0.07855930748532636,1034.5070422535211,-0.07855930748532636,48.37092731829573,-0.23566535372089303,16.209598432908923,-0.31421994793056074,24.028629856850724,0.0,0.06450865423655373,0.08526288426732767
7dc4eec0c522cb58e419ac23f1e1a8a6b0036267,BYW6.XETRA,2025-10-06T13:10:00Z,True,-0.7425619730893729,3572.7272727272725,-0.7425619730893729,3572.7272727272725,-0.7425619730893729,3089.4736842105262,0.9900991324379937,276.68886774500476,0.9900991324379937,276.68886774500476,-0.7425619730893729,0.32825702721112016,1.2236619082527156
fb7fb424b8f3db3be1af1395d36d861f604ffe86,IBU.XETRA,2025-10-06T12:04:00Z,True,2.0408163265306145,360.9756097560975,2.0408163265306145,360.9756097560975,4.489795918367356,-23.79830348727615,2.448979591836742,154.5727136431784,7.346930612244895,42.613490638625294,2.0408163265306145,3.484694413773696,2.2931795483725663
8b33443f254034ef654f72a2edcdbde9cc29cbe7,IBU.XETRA,2025-10-06T10:47:00Z,True,10.997964460077858,1350.8474576271187,16.08961467307686,1761.1702127659573,16.08961467307686,1947.340425531915,25.25459523977549,3460.8490566037735,22.199605111976094,4737.229437229437,10.997964460077858,0.8288167388155296,4.437981870546621
529b7c944577141a8abe54d5a212d18152c2d6b4,AB9.XETRA,2025-09-26T13:56:00Z,True,0.0,-74.04580152671755,-1.1267661971831044,649.3243243243243,-1.9718338028169025,1004.7297297297297,-0.2816873239436579,3288.5135135135138,-2.8169014084507005,4652.7027027027025,0.0,0.59503879445828,1.328101718222596
c904ab3062a106e2b4ffc67c36c6ed4afeadd9c9,EVK.XETRA,2025-09-25T10:16:00Z,True,0.3986644518272353,12868.448637316562,-0.8637873754152925,5473.7204498508145,-0.7309036544850489,5465.301859202005,-0.4651229235880461,2280.849028840494,-1.196019933554826,1191.2960167227966,0.3986644518272353,0.09586715951846367,0.4079435816592281
697d4be8fda60dcee937c73685254f1dbef9514c,KBX.XETRA,2025-09-25T09:23:00Z,True,-0.12754846776086293,-13.207547169811317,-0.12754846776086293,-46.820809248554916,-0.12754846776086293,-81.74603174603175,-0.06377933592118801,66.8900804289544,0.1275497432710493,-14.19595066325343,-0.12754846776086293,0.15460685243862252,0.15107968910014472
e7117c93d75dec44222a1e99f5143eff8dccd638,CBK.XETRA,2025-09-24T11:33:00Z,True,0.9312813401182174,268586.1111111111,0.7064900676458041,13660.240274599542,1.1881856515152833,11635.456238361267,1.3487476348345462,1077.4924992698404,2.665382230744462,913.6878575457256,0.9312813401182174,0.08313447308386242,0.6521078836483208
4d124627f9b67869442d28339a0ed133ab8fd95c,KTA.XETRA,2025-09-23T11:47:00Z,True,-6.074074074074076,564.1025641025641,-7.5555604938271514,9356.410256410258,-6.567901234567897,15602.564102564102,-12.296296296296294,13177.19298245614,-8.444444444444443,3532.2200392927307,-6.074074074074076,0.31915809164480724,2.4486535263454368
257a77a0a01b8e499e0d7f0154d3f20db801f289,NOEJ.XETRA,2025-09-18T14:31:00Z,True,-0.893854798539373,452.7966101694915,-1.564240310851417,417.8411131059246,-2.122899559938529,116.32781012091358,-3.016754358477902,2.5748086290883876,1.8994414468961773,-65.03088508691516,-0.893854798539373,2.416712224723866,0.7632686991969655
9871bffbf69ed9c1f4348c777006959b9652cc7c,FTK.XETRA,2025-08-29T14:25:00Z,True,-0.8528784951271629,-67.63309596473381,-0.4975089018304457,-45.03605102606767,-0.4975089018304457,-41.43039000115727,-0.14214286219412786,-16.029929577464785,0.4264428012239918,-50.27415918695212,-0.8528784951271629,0.5219227764149433,0.5311699717128009
395797f01a57bf1877dec4865dbe6bd680c5ed5b,BVB.XETRA,2025-08-15T09:27:00Z,True,0.0,-98.32703723691311,0.0,-98.32703723691311,-0.13795862068965992,-97.19373988127361,-0.27586206896551557,-63.410685375067466,-0.13795862068965992,37.96610169491525,0.0,0.07957963737968483,0.11277578755089251
785e45cd203320a1af969d9958779cc26951bcbf,TUI1.XETRA,2025-08-12T13:37:00Z,True,3.9005371597561567,13724.957893125096,3.036662701133852,7185.097332732823,2.329843236890472,1678.9583963606622,1.9895290562210732,1464.919952153489,1.8848170006304787,3166.358084528887,3.9005371597561567,0.11073981656855365,0.8003616979114518
397a726c112fc2c73befb742c1b176eb1d387b9b,G24.XETRA,2025-08-05T13:44:00Z,True,0.3401377608867051,2567.5632911392404,0.6802746714332564,1846.6722129783693,1.8707525828359328,2267.8983833718244,1.2755102257739903,1852.7161076995749,2.2959226580939296,802.6154891304348,0.3401377608867051,0.0886588507519222,0.5401795317714586
2300fae05a8f21d8fa538fe7671b06d7f82f2aff,G1A.XETRA,2025-07-31T13:54:00Z,True,1.5472263591656876,4364.266304347826,1.5472263591656876,5291.473892927958,1.9543924763128162,5317.305458768873,2.6872931158421265,9070.464135021099,3.094459232989255,5651.422764227643,1.5472263591656876,0.09711360160955734,0.7006386808008618
c08c02ea9ea02e34b2a766ec518e840f4540383f,R3NK.XETRA,2025-07-28T14:42:00Z,True,0.09009760030322944,-25.077512310778772,-0.0450435448962061,-36.16095933792172,0.0,-14.60904679714723,0.46547298695114314,-28.305002704934367,2.4774805548793077,19.121774558623805,0.09009760030322944,0.7251672648249778,0.17501841276486885
c02153dcd462073949adcd532081f302464057c0,CEC.XETRA,2025-07-24T12:21:00Z,True,1.992528516196379,411.5695536611901,5.35494529388425,196.51831052148472,5.230387355015531,224.66674596566355,6.72478374216281,159.69615571581062,3.23785883881913,7.889962062203315,1.992528516196379,2.4788462046939124,1.4714444331091188
1ef49c715617e30e0c8a122093ce5415ba9d5d3b,NEM.XETRA,2025-07-24T10:15:00Z,True,4.500818477931867,449.1005291005291,3.5188249924329007,727.1957671957672,2.4549918970537377,410.7644305772231,2.0458265808781295,212.0,2.3731604704798848,287.20260085710066,4.500818477931867,0.4933476742021657,1.0586305950969805
02650633f73281f2cbfae82f7128811167b2d486,MUV2.XETRA,2025-07-23T10:41:00Z,True,-0.4806021490131318,4747.706422018348,-0.5149330807987074,4485.06329113924,-0.5664243291462534,4314.965986394558,-0.5835844740638696,813.3858267716536,-0.549253542278294,402.8556412053258,-0.4806021490131318,0.16996356710276983,0.10123011169849011
65d3ecbba68d2149d54679da324d494413028dfa,HAW.XETRA,2025-07-21T15:30:00Z,True,-0.8620689655172376,-97.53947851634227,-0.8620689655172376,-92.61843554902681,-0.8620689655172376,-92.61843554902681,0.0,-87.168,0.0,-87.168,-0.8620689655172376,0.3041289141183588,
63e32d02437f33484befb3792781fa8356cbc384,MUV2.XETRA,2025-07-21T14:43:00Z,True,0.276535960790536,1628.6624203821657,0.31110423051781133,543.2029795158287,-0.6913239151107864,683.794363256785,-0.20738870581525903,562.9290984921399,-0.20738870581525903,295.2284946236559,0.276535960790536,0.10477238679446818,0.3227825178817222
fda2b68ca9c92f1aa867ec281d607cfcf9dc360b,JUN3.XETRA,2025-07-21T09:41:00Z,True,-0.3525323149236148,639.9558498896247,0.705047003525272,1122.7483273288728,0.23501175088131987,1230.6615161757604,0.7638043478260803,717.2257087210561,0.29376909518215033,167.13286713286712,-0.3525323149236148,0.43617866685843965,0.3405142122592879
d9de867669eb3a57667be4f7d41513fc06114797,EVT.XETRA,2025-07-21T09:25:00Z,True,-9.029649595687328,73293.0,-11.913760107816707,43465.754812563326,-12.452843665768187,29742.380106571938,-12.911064690026963,45618.95424836601,-13.908355795148253,20581.541179068226,-9.029649595687328,0.27107149275668063,1.8371348547586308
1ba2b5da6360b98e9ce529b6433704335a556961,JUN3.XETRA,2025-07-17T10:37:00Z,True,-9.682158687477783,10333.333333333332,-6.356972949707274,7826.718403547672,-8.557457003485158,10210.421286031042,-12.469442237910954,6533.82492863939,-12.616136610852413,8878.330434782609,-9.682158687477783,0.07079720907477485,2.541389902176117
3470bc1502e47ce98c2e3400c749df20b2063c00,DOCM.SW,2025-07-17T08:00:00Z,True,1.7511071608639295,2125.7000000000003,2.251419918876807,149.01354668606234,2.3764981083800096,-46.30963972736125,4.690432106370501,26.284704406818314,4.190119348357646,4.323333987662914,1.7511071608639295,1.0715579627774636,0.8892818933739943
2f531e4b0267c26def0c074b10a5d7e44a5e1d70,RDC.XETRA,2025-07-15T09:41:00Z,True,0.9458770263176319,115.81753554502367,0.1576479226731653,144.94764397905757,0.4729343092702676,40.86894246836954,-0.26274303454815184,-16.36452453321754,-1.8917530016631323,84.40085086268022,0.9458770263176319,0.65806732542784,1.250427274903193
b7df4674f68accc0603928337abcf7079fb0fd1f,NCH2.XETRA,2025-07-15T07:13:00Z,True,0.3883495145631022,170.7040866568193,-0.2912621359223433,84.6029391937441,-0.3883495145631133,103.67900666819958,-0.2912621359223433,200.110023104852,1.553398058252431,260.8923884514436,0.3883495145631022,0.6898672065831458,0.6186501690164351
d1eafa17077195bc2eb12969f28c645dd5000a37,FTK.XETRA,2025-07-14T14:06:00Z,True,2.0618557518578884,1187.5419744795165,1.3481364531378492,2358.2941571524516,1.9032554283606284,2897.9591836734694,3.1720897371962486,2579.9825174825173,6.264869399875872,4127.781184839936,2.0618557518578884,0.1362146727898907,1.7843984428247168
2bf792b602a7cd1e58790be184f0ef47ce299111,SGL.XETRA,2025-07-14T10:50:00Z,True,-1.449275362318847,2633.0014224751067,-2.4637681159420333,1188.2041086812458,-0.8695652173913104,1269.9138502319418,-0.4348115942029107,856.7774936061381,0.0,5140.880195599022,-1.449275362318847,0.2588041640624752,0.7230519134318282
22432f6ea7bf316a2b5892e720f6d061a4218b67,YSN.XETRA,2025-07-14T10:31:00Z,True,-1.3215859030836996,88.53503184713377,-1.3215859030836996,88.53503184713377,-2.4229074889867808,143.94904458598728,-6.167400881057272,2525.4777070063697,-3.083700440528636,3824.203821656051,-1.3215859030836996,,2.0585794206917822
2e1173e5433edfbf417af84514e63ba78cad931a,SDF.XETRA,2025-07-14T10:04:00Z,True,-1.749999999999996,31820.96153846154,-0.9375000000000022,7609.634317862166,-1.3125062500000007,7344.034362074452,-3.0000000000000027,3009.9126861838727,-2.37500625,1743.928074604565,-1.749999999999996,0.2421869444942767,0.6288363741861197
f0369a3e29796d2f6a3b46db4841b6950736305d,JUN3.XETRA,2025-06-26T15:21:00Z,True,-0.05002501375749313,-20.30909451159104,0.3501725950518564,-96.77861164729723,0.25013007128891207,-95.86633881444578,-0.750372705111868,-94.5011054846302,-0.8004002201200677,-91.57883685056413,-0.05002501375749313,0.13770332800171653,
b6451c2a38fdd589fc8a655edea5b3370e5d461f,FME.XETRA,2025-06-17T07:54:00Z,True,0.2871774358974344,6543.268482490273,0.5538461538461492,8340.763358778626,1.5589702564102526,6885.039817974972,1.5589702564102526,723.9943954696713,-1.8871774358974247,409.1772214624091,0.2871774358974344,0.24979366226322514,1.3277209614634442
b3a50ea47675a5f1317f5d14f1c986c5fcbfe869,BNR.XETRA,2025-05-21T07:14:00Z,True,-0.03372849972560488,57.1192599933928,-0.16863238058401064,257.2844400396432,-0.20235919396895952,58.92781165792087,0.30354132046443993,-7.431071602194594,1.6863406692468885,339.3920325281959,-0.03372849972560488,0.0954558357768457,0.7446734630264393
646e27b08cf22fbfd71151275f72dd3757584548,DOCM.SW,2025-05-20T11:30:00Z,True,2.3328045619491977,27181.0,2.12545360290306,33448.0,2.12545360290306,35873.0,2.12545360290306,1309.599027946537,7.102115085536553,1247.0693914215137,2.3328045619491977,0.6694877072697432,1.9343890359637836
0e93ce013d8229c01b730ed8c3249c5d937bef03,1U1.XETRA,2025-05-16T09:03:00Z,True,-0.4376367614879806,-84.70138824187087,0.0,-57.77505363162734,-0.1094091903719896,-15.948656854079402,0.0,552.5303540455056,0.0,302.1584929391201,-0.4376367614879806,0.28464332325952424,0.18934967959770352
d96fd9bb48329025b8e52e0d4f5bf123954db664,BYW6.XETRA,2025-05-15T11:12:00Z,True,-1.5258215962441146,2198.5,-6.103286384976525,2965.5,-4.460093896713602,5782.5,-3.755880281690138,6480.500000000001,-4.107981220657275,544.4060475161988,-1.5258215962441146,0.23502350866696667,2.1641745056722037
7415595be65d3f0b04e27fa13f66f6672bdcdb2b,VNA.XETRA,2025-05-13T14:51:00Z,True,0.17736431358637006,29.876576334853766,0.10641716920893884,1.9062383998951882,0.14189074139765445,-34.11871859765429,0.0,-8.93414455991235,1.3125186236254027,33.89055628376474,0.17736431358637006,0.1458036125809896,0.09149408682810584
31efeb418e48d1985a721343cd12bfd366208edf,AFX.XETRA,2025-05-07T12:36:00Z,True,-4.821281715356918,816.4338537387017,-6.234413861439503,1822.4400871459698,-5.735662415034703,2635.584604212055,-2.99252364102206,3050.6500260010403,-1.662510363050529,2949.917012448133,-4.821281715356918,0.14123720432828699,1.9579323130732889
e767fde00f6185336037cc9b19d79c6baa7c45bc,QIA.XETRA,2025-05-07T12:35:00Z,True,0.4809619366990425,254.96987951807228,0.3607267965457961,44.55896452540748,0.2137662047766442,75.81145338019432,0.04007748938084088,7.531710391554403,0.13359786596118806,354.63718820861675,0.4809619366990425,0.061538077756736996,0.1714728743714318
2aa811cff9face3d63705c3e3941876862689806,SWON.SW,2025-04-29T14:15:00Z,True,-1.3345020168153088,56.13465640359825,-0.6227581179284902,19.403241755879442,-0.6227581179284902,-8.6687713759537,0.2669217556800163,17.505109259550377,2.1352316966604556,28.023757064852962,-1.3345020168153088,0.24363856636941697,1.166862119139529
d82832654bcd6af31231035827ce6547cba03134,TLX.XETRA,2025-04-29T10:11:00Z,True,1.8954897929403636,278866.6666666666,1.5881178604122637,5129.665071770335,2.5614754623253244,2409.1666666666665,2.0491803698602595,1533.877233877234,1.6905758543150906,3622.2481343283584,1.8954897929403636,0.09180524344210504,0.3029240071477888
773d2f440fc0788fc1b39182bcf09159fa688bde,SDF.XETRA,2025-04-29T09:04:00Z,True,2.212994467496543,13160.534591194968,2.282150760719226,2193.3333333333335,2.558775933609958,1864.2918161626515,2.83540110650069,784.1380492543284,3.872752420470249,892.4156638569791,2.212994467496543,0.07217585913438442,0.4878397782130674
f7c81d4fd0bd3cde88d15b6dd69849fbbedf61b2,KBX.XETRA,2025-04-29T07:17:00Z,True,-0.05902597681349819,226.49006622516558,1.1216116232166007,935.7429718875501,0.7083908244812642,1236.44578313253,2.007089823239183,235.20095622291944,1.770956400045165,58.15347721822541,-0.05902597681349819,0.3811711211943127,0.6328759323657692
569e30318a750b55028dcb2091c8c125a0729689,FTK.XETRA,2025-04-24T11:12:00Z,True,0.7568590708069589,446.8639053254438,0.2838268819217893,306.75477239353893,-0.18921003733253228,642.143906020558,-0.18921003733253228,541.4242292661745,-0.4730321888851585,747.3790776152981,0.7568590708069589,0.13815814046552957,0.40451927963952816
c95e00679c76d81c8583bfb418a725a17cf9bbe7,YSN.XETRA,2025-04-17T14:35:00Z,True,5.882352941176472,18500.0,5.882352941176472,9095.454545454546,5.454543315508031,5063.414634146341,7.219251336898402,2550.3703703703704,4.278074866310155,1798.3660130718952,5.882352941176472,0.12449816322719107,0.8198538686548592
a491fd4de72cb7a281be35e5ff29e780de1775b7,DBAN.XETRA,2025-04-16T15:14:00Z,True,-1.0183299803800394,570.8759448643842,-0.8146599109841057,687.9946642952423,-1.4256578992121405,726.1449533125834,-2.6476579489881025,726.1449533125834,-3.869649852124224,809.7999183340139,-1.0183299803800394,0.14386997715344732,0.31452087930333716
0f341970444ab07e05c26459d2823f0118e56e56,DHER.XETRA,2025-04-11T15:07:00Z,True,0.17896644295301023,641.555145362252,0.49216554809843327,522.2139246323529,0.5369082774049128,413.2906864189217,1.118568232662187,152.07200738537287,0.04474272930647949,51.3301421784081,0.17896644295301023,0.5451862476504742,0.27380223143069565
44850b1359fbe21caef67aad93a99ef6bfc30284,S92.XETRA,2025-04-11T13:14:00Z,True,-5.055284759501166,11331.797235023041,-3.712480546009511,5918.056918547596,-4.186406333839354,1362.2796978713664,-3.080561064815246,359.77427597955705,-4.818317916138848,208.57962697274033,-5.055284759501166,0.40346428283775093,0.773196179931229
2bcc2d28518491464f83480612ff28e7c32a8b6d,CON.XETRA,2025-04-08T07:58:00Z,True,0.49603010079415366,5850.749250749251,0.6944477628050283,2005.7318048520394,0.36375827321029064,1257.5435816164818,0.0,461.6087912087912,1.1574090799836068,119.57574312345129,0.49603010079415366,0.7648124807063432,0.3344062531124081
6eef8e7dd31e60ff72a68a671c8b706d37091a7e,BIJ.XETRA,2025-03-27T14:58:00Z,True,-0.13071895424835445,-35.483870967741936,0.39215947712418764,281.6129032258064,0.0,209.2156862745098,3.267973856209161,416.07843137254906,4.052284967320263,559.8039215686274,-0.13071895424835445,0.0,1.7684643047572965
0f19d0d99a51251eb4b65c5b5d2c06176dc40a54,DBK.XETRA,2025-03-24T08:45:00Z,True,0.17505032822755506,4.106998520687499,0.3938730853391581,37.46265501043362,-0.1094091903720007,104.6044636484636,-0.021886214442012886,-31.392679135718883,0.3501094091903578,-39.22020324659058,0.17505032822755506,0.34482764490398177,0.3276712502340905
7e983b4105bd110c1e70fb554a047b6aca993e5c,MBB.XETRA,2025-03-20T11:44:00Z,True,1.6793862595419817,60220.00000000001,0.7633587786259444,26613.333333333332,0.7633587786259444,28153.333333333336,0.30533816793891777,28246.666666666664,2.1374068702290083,5980.519480519481,1.6793862595419817,0.2567444754888057,0.6915365168155796
8754ef698976399d0da39ea11c32cd7c676c7c6b,MUX.XETRA,2025-03-18T16:06:00Z,True,1.3888965347927718,635.5721393034826,3.156565815988177,528.8471570161711,5.050505305581066,325.50742574257424,1.136366219008389,274.3849027437846,-2.1464597043666545,237.02179682142113,1.3888965347927718,0.5944289053724693,2.348305783776835
bb4909cbb0dfe015793e9f645a3b8e219a3f8115,CON.XETRA,2025-03-12T14:43:00Z,True,0.43757732369795743,813.6324565927455,0.8751546473959371,531.4198118194313,0.6126108786148388,473.42430703624734,1.1668655703120923,392.69989113342206,1.0501765337008528,231.8043499151158,0.43757732369795743,0.19637868065521588,0.2410605596846734
7e3c70d7332ddda7b3571ca6b64d721b9cdcfdfd,NOEJ.XETRA,2025-03-07T15:23:00Z,True,-1.11523550899848,67275.8620689655,-4.708792113308058,122506.89655172414,-3.9652976434509046,143503.44827586206,-1.8587299788556333,92540.0,-4.832714054071497,27323.595505617977,-1.11523550899848,0.12406637974960945,1.3007605315415596
8d970fc8c677b1c236cafa28b52d39f87388a444,ZIL2.XETRA,2025-02-27T12:09:00Z,True,0.2344900901500857,258.38926174496646,0.2344900901500857,267.7181208053691,0.2344900901500857,267.7181208053691,-1.641243057735775,277.94344473007715,-0.5861666087143336,286.32390745501283,0.2344900901500857,1.0018044129690042,0.8227506146146705
efe85a70c64c8742576ed171e2b9c3c5daeca8ad,DOCM.SW,2025-02-27T11:36:00Z,True,0.9624590952839185,-76.8499660556687,-0.38498556304139564,-70.06109979633402,-1.347449470644857,-31.636116768499654,-1.6361886429258843,-80.84511049985773,-1.8286862367661194,-52.06153419721433,0.9624590952839185,0.7879758995664556,0.8023391374694957
2dd8442c4e82aa13eaee75937946fece55944ae9,SGL.XETRA,2025-02-18T16:02:00Z,True,-1.0600709211003312,738.7453458196999,-1.0600709211003312,968.8520765282315,-1.7667613113689806,-46.92838266824006,-3.180189206169415,-40.995635595742755,-5.18254539047005,-31.45586060602704,-1.0600709211003312,0.47225684964873893,0.4664627184384619
c9b6fb4652ed8e5612516ef318a509775a8c1aef,UN0.XETRA,2025-02-13T12:40:00Z,True,-1.348312359550552,2644.4444444444443,-1.1235955056179803,45.52845528455285,-1.1235955056179803,42.8191489361702,-0.4494404494381987,-67.0956670956671,-0.35955056179775013,-72.91529875246225,-1.348312359550552,0.7951761455683851,0.4014986272197732
6e1afc7b417bc4a832082baa0dc09deb42fbe649,EUZ.XETRA,2025-02-13T08:21:00Z,True,-0.7377065573770492,14750.0,-1.2295081967213073,41391.66666666667,-2.4590163934426257,25777.777777777777,-3.688524590163933,270.7972665148064,-3.5245934426229475,83.6027803811309,-0.7377065573770492,0.3300948218057027,1.195748225535214
204c30a8a8eeca7a06d106b017de3e637cdb2225,SZG.XETRA,2025-02-11T14:00:00Z,True,-0.48491381923027044,139296.66666666666,-0.21551186505991415,156223.33333333334,-0.8620690119649277,7945.075125208682,-0.48491381923027044,7346.589259796807,0.1616433276747431,3394.123248537614,-0.48491381923027044,0.34515945758366745,0.3273606070457034
23f1b8f47e926c7f24a2299c80b8b2397a50b34e,GXI.XETRA,2025-02-07T15:26:00Z,True,2.5046963683079904,1370.8216880939074,1.8785222762309983,224.4610132950054,1.4402029164734653,147.02044115948723,0.438319359757533,0.7008566025141771,0.06262116625226355,580.6197663340521,2.5046963683079904,0.2917931293588183,0.7807331568780809
b0c91d6190de72f68afff49c0aa1c84707c8dfe6,NA9.XETRA,2025-02-05T11:41:00Z,True,3.3254205855306695,1391.875,2.612832665692766,1864.9999999999998,2.553446677123361,789.7872340425532,1.7220962813347507,1122.8865979381442,1.4845606405966993,575.0,3.3254205855306695,0.1452718258185299,0.6401349760001236
df9fa646fcfc9ba1a6e7839360241e900f94fdc4,KGX.XETRA,2025-02-04T09:17:00Z,True,2.1701388260955135,319336.36363636365,6.047453528719515,16802.86396181384,9.866897862647651,21490.442655935614,6.886565194254479,5701.844222091427,8.188651383430233,2465.6150766257074,2.1701388260955135,0.2678169970488203,1.837002642828502
e52f58da8db132703e2f5e80165ebcffbdc77fd1,CBK.XETRA,2025-01-31T12:41:00Z,True,1.886276653909258,1812.9214269060387,1.1208310552214495,1804.6463428420698,1.2848496446145496,1260.7049312446482,2.7337342810278775,701.6090805709366,2.214319300164025,571.997247315163,1.886276653909258,0.13798595380772594,0.476162480454702
a998e451a08adae2595f56e8963b34ad20f33ca0,GLJ.XETRA,2025-01-28T14:03:00Z,True,2.622163289630519,1873.7777777777778,2.145405244338483,2854.6666666666665,2.502979737783062,4399.111111111111,2.145405244338483,7178.666666666666,3.2181108462455255,2989.818181818182,2.622163289630519,0.25329621041465616,0.3633622710172801
c03eb9c62dca920c240f415f2b86e347e086c878,MA10.XETRA,2025-01-27T09:00:00Z,True,11.428571428571432,1401.9163763066204,11.428571428571432,187.75033377837116,11.428571428571432,187.75033377837116,11.428571428571432,51.19256401262715,2.857085714285712,89.03492429118253,11.428571428571432,0.8608321377331428,3.5908742527883764
80f08292c8bcb502c20befa4bf932693b95f10b7,SZG.XETRA,2025-01-23T13:36:00Z,True,1.8844984802431686,50.19200970154281,0.9726443768997006,59.76554604864246,0.911854103343468,66.79150330622036,1.8844984802431686,-87.48547043718285,1.3373860182370967,-86.0158558238221,1.8844984802431686,0.6486586789333554,0.4947324041765619
0304fa9e351dd9fae7d7ff40373c693a5338e10a,NEM.XETRA,2025-01-20T14:53:00Z,True,0.9659430801411961,4490.445859872611,2.389423536134694,5898.622047244095,6.761568007352681,5841.605068637804,7.066604109132779,4256.235697940503,9.303510102765845,3243.502658003544,0.9659430801411961,0.13274051059463915,2.4491252399913988
85b9b0bb1f1a9f1117f5523df5b39b1889b61d23,LXS.XETRA,2025-01-20T12:14:00Z,True,8.499999999999996,19319.76149914821,9.375,26522.80431432974,8.624995833333337,33798.921417565485,6.708333333333338,38999.563953488374,8.499999999999996,17245.801133436373,8.499999999999996,0.07493637346463586,0.7551983836871484
7eca4a004c67aca6b9a869fc375914a4cc89eeb1,SFQ.XETRA,2025-01-15T16:23:00Z,True,0.25673942597812527,160.14261587539877,-1.1553274169016414,41.632611360850014,-1.1553274169016414,41.632611360850014,-4.236194110153669,94.65672251736821,-4.621309667606532,102.21395977691397,0.25673942597812527,0.24046555732958594,
d2b4149f54373e18e0754e274c7be24ff3d2a1f7,EUZ.XETRA,2025-01-14T16:03:00Z,True,0.5503789045220309,6575.0,0.3386960131520844,3375.862068965517,0.635052907810052,5375.0,1.820484720142157,2709.5890410958905,0.804396680685926,309.3097913322633,0.5503789045220309,0.24706146119760705,0.11382910091927226
34ff0480f7b8435cb62ae0508d2197b46a394d2e,BIJ.XETRA,2025-01-09T13:42:00Z,True,-0.5517268965517297,500.0,-0.5517268965517297,500.0,0.2758565517241296,625.0,-0.4137986206896538,8125.0,-0.13793103448275223,9200.0,-0.5517268965517297,,0.33012529220170245
8b13886d2421fd705bb132dbdadfdde5f177d52a,GLJ.XETRA,2025-01-08T09:52:00Z,True,0.1177915263717022,-66.87644915534945,-0.23556538489782897,-32.58708355467861,-0.23556538489782897,-58.5622988291272,-1.1778504816166269,-46.8235558216103,-1.060070733808638,-48.671928038017654,0.1177915263717022,0.8054610235851282,0.45288279950592686
1f4ea7998c555dcd1f8a742edad0f32b10a9d8ab,KBX.XETRA,2024-12-20T15:19:00Z,True,0.0,520.0084781687156,0.14587599653350658,488.23743627093955,0.21880815964370193,513.0504660880746,0.07293216311017314,416.0270880361174,0.5835054449231603,522.4640575079873,0.0,0.21582958415631592,0.2037575538500797
742ed7539b2147881ae20b8bc42897bae3148bd8,TLX.XETRA,2024-12-20T14:45:00Z,True,0.12627147102381997,-94.56118665018542,0.12627147102381997,-97.73895169578623,0.06313636682506729,-52.89928789420142,0.31565658159882215,-9.847522236340534,0.6944495300227116,12.51056635672021,0.12627147102381997,0.2793856180576054,0.2179584292657982
34e34e20bb8bfb99a7b037517a1db9e595ab10e3,KTA.XETRA,2024-12-18T11:57:00Z,True,-3.9745631140352233,116.43258426966293,-2.5437124438563274,238.9747191011236,-2.0667728192983237,266.36863823933976,-3.338633015789605,197.2620266120778,-3.8155726403475976,211.60179640718565,-3.9745631140352233,0.5276978210957606,0.6474535062485118
02c0b7a439e97f1e6fec685e51f8fe4d7cc9b42a,SBX.XETRA,2024-12-13T15:45:00Z,True,1.486988847583648,-69.6969696969697,1.486988847583648,-69.6969696969697,1.486988847583648,-69.6969696969697,1.486988847583648,115.15151515151514,3.7174535315985135,19.84801072865445,1.486988847583648,0.5276916277511554,0.0
7cdb5ffb674b157e208621152ccb319962a2803c,FTK.XETRA,2024-12-13T14:37:00Z,True,2.671387362174915,3702.5628856193644,2.0276860011384734,3455.031055900621,2.2529837304785305,3247.112462006079,0.8690119645324845,2306.2969241947203,0.2574831192457827,1560.0116499199069,2.671387362174915,0.09333584739442131,0.8221136357780304
fe9425baf6a0ee8ca2e3f873319b4fd720bf849b,EKT.XETRA,2024-12-04T12:58:00Z,True,-0.4920073679703041,5929.032258064516,-0.369006140983863,7446.5437788018435,-0.369006140983863,7446.5437788018435,2.7060245336771205,8787.24279835391,5.781055208338115,5345.35637149028,-0.4920073679703041,0.23595901336190347,1.8948525441593114
ad93c9d14cf7d5ade4fa5c7a7d0f7f9c85efb507,KTA.XETRA,2024-11-27T12:53:00Z,True,-5.481719724395317,140758.3333333333,-4.651163177006912,11007.619047619048,-3.6544770477140442,11048.095238095237,-1.6611214004253694,13931.904761904761,-3.820598323969948,3492.5174825174827,-5.481719724395317,0.339191520768797,1.4181237249831562
c723954da07461cfb9c701b870246d47e5afeb96,DHER.XETRA,2024-11-27T08:48:00Z,True,-0.7411218824144639,1046.1065573770493,-0.12777919428113016,-45.05374009336662,0.17888831640970881,-25.907067636521553,0.5111167771245428,-39.099347430459844,-1.2522412151228846,-28.984027777777776,-0.7411218824144639,0.43135555410052423,0.5638091443147256
35ee5e559192b05142fb5668dccd9c1eabb61d5d,BNR.XETRA,2024-11-26T11:17:00Z,True,0.6602806097675717,6931.297709923665,0.7263106515960516,9459.232613908873,0.4621970871212078,5110.888610763454,0.6272664142082052,1828.3626987537602,0.8913783279732801,1080.2511415525114,0.6602806097675717,0.09308098946228457,0.12538471417110864
b4844452c96391809a1dff981bc2e08e3be70780,EVT.XETRA,2024-11-22T15:55:00Z,True,-1.0695188436742553,91.21811907500694,-1.604278265511383,36.221896804203645,-2.3172789444181663,81.13763440860215,0.297088567687287,151.34869068714312,4.278075374696999,91.65449486204751,-1.0695188436742553,0.6711299752017541,0.9824612900100024
ae1353c8c1f78493a9eabb8ba4627e5c8f1ad416,EUZ.XETRA,2024-11-22T14:27:00Z,True,5.9542852713601935,486383.3333333333,7.9744820826412655,586116.6666666667,7.815000415470519,626250.0,5.422650474356749,7507.011686143572,4.837852463469039,7521.720733427363,5.9542852713601935,0.12069860083268277,1.2411301347218886
32598f4a3f4289a013367b00fbc211346c4e125c,KTA.XETRA,2024-11-22T12:55:00Z,True,0.3252032520325132,33840.0,0.3252032520325132,179.60526315789474,0.16259349593494843,256.30434782608694,1.6260162601625883,61.41639033633348,4.552837398373977,49.773819621147865,0.3252032520325132,0.7694578294899446,1.6187977022827027
0cfcd84a223e4b10c3a0c5cd45d77da49f2cb4d7,SGL.XETRA,2024-11-19T10:18:00Z,True,0.23280558789289252,-39.09509617989705,-0.4656577415599439,-86.90741837059976,-0.5820954598370065,-88.25473237597912,-0.11643771827706262,-63.647399749373434,0.23280558789289252,-78.00122906744508,0.23280558789289252,0.8598959038302956,0.3142555598357404
64c864c859c0d7188e58cf9929507eef2d8b84d3,DHER.XETRA,2024-11-18T16:00:00Z,True,-0.3016205017378648,312.6132246376811,-0.7951768358876787,392.6208210635718,-0.6306553158581085,384.6132634771819,0.05483959268330896,382.33788395904435,-0.3016205017378648,384.26849542809646,-0.3016205017378648,0.19051614745783996,0.6153433244270067
913fb684b370ef8728a23a7eb2715e6a6606acb2,DBK.XETRA,2024-11-14T08:55:00Z,True,0.4071246819338459,-33.53460044103749,0.330788804071247,-0.6953691374463666,0.29261450381679044,-34.98961190060667,0.8269720101781175,17.320719926243644,0.7124618320610621,-47.40320958134293,0.4071246819338459,0.30229910188132014,0.31172995713789914
fef12fc0b93f23299c28cac7a1adb18f8e2cee35,S92.XETRA,2024-11-13T21:25:00Z,True,-14.33744388124547,1332.4008350730687,-17.74077480086894,786.2245585658444,-19.406227371469942,888.553500660502,-18.82693700217234,10.532099128021798,-19.11658218682115,64.23320199870174,-14.33744388124547,,
b80b73d12601df4d89ed139db3375b4eba2910a7,INH.XETRA,2024-11-11T18:15:00Z,True,3.6855036855036882,13565.384615384615,2.4570024570024662,1918.75,2.4570024570024662,4727.840909090909,2.211297297297299,119.5479962721342,2.211297297297299,147.3671947809879,3.6855036855036882,,
1433898c9f51f85f15c80fbe0ad42f28ea366fb6,COK.XETRA,2024-11-11T17:36:00Z,True,-10.306848937844226,901.9740552735477,-14.004720692368222,1873.0945821854914,-14.634146341463428,1667.9423183582917,-15.263571990558622,1941.1995863495345,-14.319433516915813,2562.1707394477944,-10.306848937844226,,
d622ae493ea2689cd62873aba835b76f53c3456c,BVB.XETRA,2024-11-08T11:01:00Z,True,-0.14792899408283544,-32.779097387173394,-0.14792899408283544,-32.779097387173394,-0.29588757396449283,-56.14617940199336,-0.29588757396449283,14.982425307557111,-0.29588757396449283,0.06466910972191542,-0.14792899408283544,0.13675334900714148,0.10236603108243789
766aa7b696fbaa2107ac6a4adbf08b414a1c2c60,HNR1.XETRA,2024-11-08T09:40:00Z,True,-0.3765665271966534,1003.4934497816594,-0.4184100418409997,1196.2857142857142,-0.4602539748953971,941.0256410256411,-0.6276150627615107,454.462242562929,-0.5857715481171533,739.1205458680819,-0.3765665271966534,0.08795858005176642,0.12856178337639634
12b4772ce0e8ff07c4ae96502a10e48a57eec2a4,CBK.XETRA,2024-11-04T11:45:00Z,True,0.30488416493195114,262.1118672905147,-0.03048170917572257,714.0239702438353,0.0,810.9203677040647,-0.03048170917572257,224.0083852816241,-0.3048719698092617,152.37950740909324,0.30488416493195114,0.04000356677719938,0.1518677726246946
73392622ffb5d40d4a5b8bd58c26244de8c92202,INH.XETRA,2024-10-31T08:51:00Z,True,-0.24937158350980537,5834.265734265734,-0.24937158350980537,5834.265734265734,-0.24937158350980537,7327.972027972028,-0.24937158350980537,4287.6543209876545,0.49875314208245314,366.1858294442087,-0.24937158350980537,0.4113567376330606,0.3349056054978028
dda75f18f02b91b2c25b121eb824306c781b6921,DHL.XETRA,2024-10-30T13:38:00Z,True,0.564210086936856,2807.69377261474,0.26866737590898193,3195.9951456310678,0.6179446368096642,2199.1466186371626,1.020948387400633,1692.4884199691198,1.4239628849015862,880.7380017947304,0.564210086936856,0.09809303956678865,0.39507733155009367
ceea99e9a8408ade5bccb7959672e8670cbfc887,HFG.XETRA,2024-10-25T10:49:00Z,True,2.0518250539956817,22610.62100986651,5.831533477321815,50165.880322209436,5.615539956803461,53460.66376496192,5.593941684665227,8853.722197004085,8.261328293736492,2729.279735485985,2.0518250539956817,0.185899565609936,2.1436214049944504
a106c0c0169f34a1f2905bdb2566bfcb8044fc13,HLAG.XETRA,2024-10-24T08:31:00Z,True,-2.317075609756103,17114.634146341465,-1.2195121951219523,7552.631578947368,-3.658536585365857,7719.047619047619,-4.390242073170725,2136.0128617363343,-1.4024414634146387,1319.6,-2.317075609756103,0.5515325016608061,1.3481263075611296
83a21832dc4b680952a0680bdd05cc64ca8d2edf,SDF.XETRA,2024-10-23T08:51:00Z,True,0.0,25.562470081378642,-0.13575565610861595,-83.3872820298632,-0.18100452488688523,-83.08049086868297,-0.3167420814479627,-83.34144506880227,-0.36199095022625416,-64.14069242632182,0.0,0.20927120617869896,0.2318528062193983
691c03c8c3bf8b00883986efc0aaf547213b7ad4,MUV2.XETRA,2024-10-22T10:31:00Z,True,-0.41519616985187247,5034.770114942529,-0.5605173204770497,1880.692640692641,-0.6020396362373392,1602.244134648079,-1.2040728369340448,1038.2607161756926,-0.9549524362478135,731.3340020060182,-0.41519616985187247,0.3211394644903642,0.2582696946677603
296aacce651d7db259cfd4bb2a5fe0bfa552cf98,BC8.XETRA,2024-10-22T08:50:00Z,True,-6.308283222937017,24576.170212765956,-3.8398190850197356,27487.861271676302,-4.168955133542385,31735.593220338986,-4.662646864033104,7215.167548500883,-6.308283222937017,6269.333791208791,-6.308283222937017,0.0810708153522294,1.1851342815243358
a52fdf79e5d9bdf0eb34bc824fba3dca675d876c,BSL.XETRA,2024-10-21T11:23:00Z,True,-3.8224295711997036,175.44910179640718,-5.178779923400723,453.89221556886224,-6.288533451113865,456.98602794411175,-12.577054571769985,1160.678642714571,-13.316882036606902,493.52890422778256,-3.8224295711997036,1.3483936601584248,4.167974028371492
e9433c76fab9bece0d31750a7716c2ae7ab8df17,PTP.XETRA,2024-10-18T13:49:00Z,True,3.6011367316168164,301.1457109283196,5.678699633988815,378.9952996474736,5.263159352675717,408.3725029377203,3.8781451185997406,185.978035970078,4.709142578709846,219.91513023119697,3.6011367316168164,0.7240228594317475,0.7510600677434078
826a7cd7ec01783ccd3ae0ee09ff0d21ae63b955,FTK.XETRA,2024-10-18T13:30:00Z,True,1.5120274914089293,17595.625,1.855663230240534,21050.574712643676,2.577319587628857,10985.682326621923,1.6494776632302255,2631.631097560976,2.199305841924404,1380.5147554237972,1.5120274914089293,0.11498576962106731,0.333944829478414
bd4cc10262f629b662731b299e80e96a7c3ba536,AAD.XETRA,2024-10-18T10:25:00Z,True,-7.150959299681247,282700.0,-6.8104428333812255,4680.5970149253735,-6.015885494117712,5852.941176470588,-6.015885494117712,9970.833333333332,-4.994327014627176,10455.128205128205,-7.150959299681247,0.19674029506607568,0.9500645758363057
99e36cde3540d5b0688099606c59b0cc76fa3d57,NA9.XETRA,2024-10-16T15:17:00Z,True,1.0660980469265002,1183.4265734265734,0.21321641109115497,630.7608989981045,0.21321641109115497,237.25318670332416,-0.31983261237209515,207.42540756690252,-1.9722888495003588,37.91376572615122,1.0660980469265002,1.3379839640953568,0.5992452725433317
c9eeb805ef903c3913c48842b5251d7443cfde8e,EUZ.XETRA,2024-10-15T14:33:00Z,True,-0.854297599769771,6152.727272727272,-1.376359785865211,2188.3040935672516,-1.376359785865211,2188.3040935672516,-0.2847627025335253,1110.4278074866309,0.5695348972362346,716.7464114832535,-0.854297599769771,0.12757038123263076,0.831015636792425
7d78aff62a26ddf0cf5cd83bb358d4ddb36e3c6e,MTX.XETRA,2024-10-15T11:15:00Z,True,2.590841416251344,1619.32059447983,2.2880174042523294,1954.2372881355932,3.061902635454805,1037.2961956521738,2.456254274982994,492.95,3.4993248923556486,472.1725965177895,2.590841416251344,0.11144022996482103,0.3923588640173145
14bdaef1828959915140e3a56510ec52c0718bf4,G1A.XETRA,2024-10-11T08:59:00Z,True,3.0577133099790377,7674.014336917563,1.9810552102090817,3846.626686656672,1.6365246182827198,2940.0478468899523,1.507323492994117,2003.054298642534,0.04306847730699559,1641.6101572644639,3.0577133099790377,0.05718728360757997,0.9467256544748216
d59b3bd99354ffa0375651de709ae81121c0b756,ZIL2.XETRA,2024-10-07T10:47:00Z,True,-1.713610771113816,1775.609756097561,-1.5912117503059875,2501.7073170731705,-0.8567931456548328,2630.243902439024,-1.224014687882491,4628.048780487805,-0.3671970624234966,1264.0243902439024,-1.713610771113816,0.0,0.5049044732482015
3bd51f23c41e1d3feb0ffa090ca7ffc84d132185,DEZ.XETRA,2024-10-03T11:26:00Z,True,-11.65755919854281,16584.378843788436,-13.797814207650283,44273.34152334153,-15.710405282331518,67907.86240786241,-11.703096539162116,97808.07086614173,-9.38069216757742,16923.131722307586,-11.65755919854281,0.08240761677772322,1.9405953709374368
f50b0de8f4793fa616fb57ba7e8b5c1eb07496f4,C3RY.XETRA,2024-10-02T14:23:00Z,True,-5.346354799513975,4292.340425531915,-11.30012150668287,7593.617021276596,-8.869987849331707,8823.404255319148,-10.69258809234508,6672.745098039216,-26.488456865127585,14359.803921568628,-5.346354799513975,2.0041227316439345,7.337680132616145
3f59fc5aee6a081d56ded21564d587fa5ff3eb23,GXI.XETRA,2024-09-30T14:21:00Z,True,-10.020554675625238,7594.535519125684,-11.870506314372886,13758.938053097345,-14.748208178369737,18394.871794871797,-14.850981042621347,12485.705445544554,-18.139775391373835,14329.665271966527,-10.020554675625238,0.13546041408171597,3.308417857562181
d821843c8dbcb574450a4b400f68613b1220c51c,NDA.XETRA,2024-09-23T13:25:00Z,True,-7.800425751223816,54329.06976744186,-7.659880426424737,4643.997562461914,-8.432888145707828,4632.308552263835,-7.800425751223816,5292.081260364842,-8.362621105233725,4040.1465386558866,-7.800425751223816,0.221491397263227,0.7510493892515911
a147bd94e9182786e76fac4ab69701bff21c5e2c,LEG.XETRA,2024-08-28T14:48:00Z,True,0.11539233387747316,1300.8645533141212,0.1384664157004556,240.2439024390244,0.1384664157004556,242.05841446453408,0.16155088293732245,761.8802851931687,0.25385874957792876,369.78870073430244,0.11539233387747316,0.26832607201294767,0.09375391412399205
19f4a7ea12b09faceb734eae66acb3b64070806e,BIJ.XETRA,2024-08-20T12:04:00Z,True,0.1470558823529311,70100.0,-1.4705882352941124,80100.0,-2.6470647058823515,97033.33333333334,-4.411764705882348,10600.0,-2.2058823529411797,11528.070175438595,0.1470558823529311,0.10390781035146221,1.4784834772125488
ada623d49d79ad8f3952921e558632fa28b9f153,SBX.XETRA,2024-08-16T08:53:00Z,True,8.437500000000009,35.33333333333333,9.375,111.33333333333333,7.187499999999991,85.2,5.624999999999991,137.52,5.624999999999991,128.38461538461536,8.437500000000009,1.6996749443881475e-14,1.560966810720151
fadbe36062b9651c5954c5fe89b7a09c7aa04ca0,KWS.XETRA,2024-08-16T08:31:00Z,True,2.6194098209644023,552.3952095808384,2.1571679174550384,470.12987012987014,2.7734899418568437,473.50649350649354,2.7734899418568437,365.82278481012656,3.081664051129973,940.295358649789,2.6194098209644023,0.08900391171894959,0.3581201285712818
9770fb07de65c785b5966aa1a2c56cbebbdadc3a,CWC.XETRA,2024-08-15T12:38:00Z,True,1.0384215668196806,-63.41463414634146,2.180683213478196,614.7058823529412,2.180683213478196,485.5421686746988,1.869153628167597,515.0837988826815,1.2461027649189216,359.68253968253964,1.0384215668196806,0.150363874822317,0.39233921082262696
4c07961c0e3787de16d71538e2a1fcf6b8f1a90e,BYW6.XETRA,2024-08-15T07:27:00Z,True,4.867256637168138,929.3193717277487,4.719756637168149,397.2522522522523,2.2123820058997046,492.6174496644295,1.7699115044247815,456.84872748069773,5.604712389380517,51.49644264126536,4.867256637168138,0.9915308500442874,1.2711809087887165
070d6bd6d94a7ce78fbac359d7996d2825c62792,FTK.XETRA,2024-08-06T14:01:00Z,True,0.5084661016949044,232.66533066132266,0.3813559322033866,389.2806770098731,0.3813559322033866,24.106041923551167,0.12711016949151777,49.93457638207393,0.6355932203389703,173.1158198892367,0.5084661016949044,0.22758019620553993,0.3131738288653132
e17b4a4718b870c1882b03406ea88c8136f8891d,FYB.XETRA,2024-08-06T10:40:00Z,True,2.3036607329842917,285.3503184713376,0.8376984293193779,773.6730360934182,1.3612586387434567,734.8561759729272,2.5130890052356136,934.5177664974619,1.5706806282722585,323.20200125078173,2.3036607329842917,1.1923410382095807,0.8748767186917696
02cec6a9b1de87ea9c4e21b720f89153a9a3aa06,CON.XETRA,2024-08-05T11:29:00Z,True,3.528499349970926,15740.587219343695,2.675451673605056,8361.020036429873,2.8305524848671437,2246.3768115942025,2.946872761789976,598.6617100371748,2.5979002986060262,496.5819886611426,3.528499349970926,0.2257940898228318,0.3419135524214011
ada29445f0c377b14e77434c1cb766a9ba559310,KBX.XETRA,2024-07-29T14:24:00Z,True,0.35211267605634866,12.50229821658393,0.49295492957746045,25.22216093644665,0.8450676056338091,31.708587359455898,1.5492929577464842,56.19535725052758,1.6197197183098533,2.2132232692158027,0.35211267605634866,0.123223603064552,0.4531581270430493
6a0559cbb35355bf32402093c8cd61700e021746,HYQ.XETRA,2024-07-23T09:21:00Z,True,0.7687684529118055,614.2857142857143,0.7687684529118055,614.2857142857143,0.059130985483224485,5214.285714285715,-10.940271640203258,10761.538461538461,-18.03666405547023,9963.815789473683,0.7687684529118055,0.3251853546670743,8.758564241011875
09a779bc49b28673c2c55643348ddeb4e8aa296a,SZG.XETRA,2024-07-19T13:51:00Z,True,-0.17647647058822713,245.29914529914532,-0.0588294117647048,237.97079169869332,-0.588241176470583,45.35211267605634,-0.9411764705882342,26.992287917737777,-1.8823529411764683,188.40993434199257,-0.17647647058822713,0.21779713404363935,0.7089874670049892
3030af4843aa2d78e249c0cc5e7258798c995136,HEN3.XETRA,2024-07-17T12:02:00Z,True,3.491522178093054,13674.927953890488,4.007870863431062,9702.698863636364,2.852233973554652,7087.866449511401,1.6965884778258333,3695.7654723127034,0.4425866949882895,2897.5193167954453,3.491522178093054,0.06510980018429981,1.426473811766774
edad1cd89d4747d9f94b5f188bef078512d51753,LXS.XETRA,2024-07-17T11:58:00Z,True,10.53327016306742,7402.462380300957,11.106209784045816,5321.744509743272,14.940498016747462,8041.261985771729,18.686646099603333,550.6357048279397,14.98457470251211,760.7730428826603,10.53327016306742,0.24792327380758875,2.204045691505509
47ddb871644aee27a4e5e8b99a40df49de9d8eb6,EVK.XETRA,2024-07-15T10:18:00Z,True,0.3993556975505852,7229.734848484848,0.6922204472843418,992.9148186057091,-0.13312566560169659,1578.6666666666665,-0.7987273695420627,1654.0942448821938,-1.1714643237486722,1086.457942970054,0.3993556975505852,0.08012939624898087,0.6712382132614525
7f40b3cfde93ebd547894f16e7c2e108a18ffbab,IOS.XETRA,2024-07-12T12:14:00Z,True,-1.8181818181818188,38714.529914529914,-3.4710743801652955,42247.86324786325,-4.793391735537189,47435.89743589744,-5.123966942148761,21164.207650273223,-5.123966942148761,15008.482972136224,-1.8181818181818188,0.2767634317935641,1.0891099585985606
33c1ad331be904cc4f0d785b4869ba69b64707e3,LHA.XETRA,2024-07-12T10:22:00Z,True,-2.852250859106542,51398.78649981039,-1.8213058419243922,17241.59877312374,-1.7869415807560185,8480.10590976488,-1.0996563573883122,1666.1134298357042,-1.7525945017182187,1197.204412494873,-2.852250859106542,0.1953274309826524,0.5432118294217452
cf374145e29cc1113eebbec456c2e6839e0b337b,G1A.XETRA,2024-07-10T14:07:00Z,True,2.570694021318909,4679.210925644917,0.5655449726081008,-33.900584217763566,1.4395835105505572,-22.261811606864747,0.6683753041548668,-13.853037468170248,0.9254421355927578,23.7517807125603,2.570694021318909,0.20318082187898104,0.7333265417827685
0c97a0fe082ae159caff43749851120db284b43b,KGX.XETRA,2024-07-10T10:44:00Z,True,0.25714065973618805,67134.92063492064,0.43713552165429714,39231.57894736842,-1.0028259450456711,5500.933333333333,-0.9513988416404939,4393.707973102786,-2.751350032176658,1039.5149099903806,0.25714065973618805,0.21888379615374604,1.6144510865985944
6a948e43af13f5dab59c15b831d63455382cf0df,SRT.XETRA,2024-07-02T08:47:00Z,True,-1.614756120549543,122500.0,-1.1534025840473916,123900.0,-1.1534025840473916,123900.0,-1.1534025840473916,493.30143540669854,-2.768158704596946,966.6666666666666,-1.614756120549543,0.2724600253456834,0.7062739391242957
2fb9cc071e7484875a106854e79f4a7732ec068f,NDA.XETRA,2024-06-20T13:32:00Z,True,-0.1968412176819423,309.39553219448095,0.19685302870620092,545.2991452991453,0.39370605741240183,474.6196179993525,0.131242789041619,28.303889131656156,0.131242789041619,538.6487980105002,-0.1968412176819423,0.8842972771835724,0.3300699045465319
9e2dc0d9f882e5b5c96f4393994516a3a172c392,SFQ.XETRA,2024-06-17T11:39:00Z,True,6.25,31523.809523809523,4.624993750000006,43657.142857142855,4.75000000000001,59766.666666666664,4.499993750000009,2331.3628899835794,7.374999999999998,1670.4076958314247,6.25,0.18971706344032443,1.0645241128567602
6e1cc8ebcf906d314eab0b165e4815add5277424,AFX.XETRA,2024-06-17T08:09:00Z,True,-5.5357166666666675,3744.27374301676,-4.047621428571424,8535.754189944135,-5.476189285714284,10018.289290681503,-10.595240476190481,12667.234262125903,-8.630952380952383,7459.183168316832,-5.5357166666666675,0.13868744583931,2.2526624298085456
a7fa77d15ccef5b9cea7aa8c89b8976b3793b580,KTN.XETRA,2024-06-14T09:34:00Z,True,2.472799330998976,20405.600000000002,0.3956478929598273,10474.736842105263,1.3847725709580816,3930.081812460667,1.186943678879504,2564.849755415793,1.0880366512382222,3494.45932373619,2.472799330998976,0.21025511179757567,0.5347464938201824
234dc39e62c7e1c3c110a05e208a00f91c79eedb,DBK.XETRA,2024-06-03T08:01:00Z,True,-0.23270846800259593,-18.773500230453877,-0.10342598577892659,-4.371199435974271,-0.18099547511312153,-27.477474357820086,-0.09049773755657187,-29.94574884711677,0.10342598577892659,-60.809909694749805,-0.23270846800259593,0.2667534415844241,0.11627889648150112
9c79e4b126898a6b1a8b047bf064a347940e8703,SB1.XETRA,2024-05-17T12:08:00Z,True,0.8403362521479218,2450.0,0.8403362521479218,2450.0,0.8403362521479218,2450.0,0.8403362521479218,2450.0,0.8403362521479218,3297.0,0.8403362521479218,,0.0
3de8fa91ad167a47bbfd2f4cf607bbd67a1e549e,IOS.XETRA,2024-05-08T12:22:00Z,True,0.4246284681370893,423.3918128654971,-0.4246242218524099,1741.0,-1.4861953921951332,989.8319327731093,-0.4246242218524099,15.076886820243907,0.8492611825588581,101.43979776886299,0.4246284681370893,1.8472293439912726,0.8524056776046726
95e957e9ec811bc3a18d706d6c064f1b5e2e035d,BVB.XETRA,2024-05-08T09:09:00Z,True,0.715966587112149,191.26626626626626,0.5966587112171684,67.0796534259763,0.9546539379474916,8.596143449270134,1.3126252983293396,98.26892853841176,1.4319809069212264,24.102397096965532,0.715966587112149,0.15161367288036992,0.4478007849893359
11996ad3ab85b9afa36cf44e52dc38ce747ee155,SZG.XETRA,2024-05-07T10:21:00Z,True,-8.720930594723042,426364.99999999994,-8.139531068917405,503520.0,-7.47507921408136,87182.03125,-7.308970403196446,4027.9130152547873,-7.392026885050951,3469.7232250300844,-8.720930594723042,0.41941588946238784,0.49735779265995156
c6d991a4245cf34dc63465a8233601e0d972cc02,SIX2.XETRA,2024-05-03T11:47:00Z,True,-8.04101988083088,3656.310679611651,-10.415543330647136,4898.705501618123,-10.577445109795525,4117.300613496933,-12.41230423731997,7619.881656804733,-13.54560481871987,5033.899204244031,-8.04101988083088,0.09056094710910455,2.204842427471658
e4d9e80e41c2be6ba87f2e120c4025c7e913a37a,HEN3.XETRA,2024-05-03T07:48:00Z,True,3.4622639041854475,20770.158730158728,4.084388583056819,12468.694096601073,4.517170556744099,5774.943820224719,5.166350955738408,2315.420446187791,6.654040934432204,1479.3078902699447,3.4622639041854475,0.12007873755329275,0.8168586884559885
2be06b0414c32756762ece9df8f76655cb39a964,SDF.XETRA,2024-04-30T08:18:00Z,True,2.7798098024871987,3973.7361282367447,4.023408924652538,4906.345651362449,4.754930504754928,6008.256252141144,4.352596927578634,5445.191822311964,5.376730065837609,1862.7458357560624,2.7798098024871987,0.17048263338363032,0.7094896982243191
9a26dea8cb1e196c52301e2511f6586f3fe2df01,M12.XETRA,2024-04-26T09:06:00Z,True,3.952569482416557,613.4228187919464,7.509889921730428,6414.765100671141,7.114632973488777,9559.060402684563,7.114632973488777,570.4602510460252,6.324111171866509,428.01733030740667,3.952569482416557,0.44783389967630705,1.0323448910078505
2848363aa176349e63d21a43b56cc5960c943b8f,RDC.XETRA,2024-04-23T13:56:00Z,True,5.543065917602985,1585.4166666666667,3.0711655430711637,1595.9731543624162,2.4719123595505543,1742.5379803395888,2.1722794007490664,1568.877911079746,1.8726591760299671,1645.2367991290146,5.543065917602985,0.13696410644522136,1.072407513789792
9cdcdc14eccd0c737c4da24ef8299b60967c370a,DR0.XETRA,2024-04-23T13:16:00Z,True,-0.22727045454544736,5312.5,-0.45454772727272497,13243.75,-0.45454772727272497,13243.75,-0.45454772727272497,-25.453910614525142,-1.3636340909090827,-25.756823821339946,-0.22727045454544736,0.5236717582601743,0.650213292191513
7ce782ee462fa67477e4445b4e56dbda0fbac584,MUV2.XETRA,2024-04-23T09:10:00Z,True,1.5781862292246762,35845.054945054944,1.7216596827835495,7396.455223880596,2.4629334539569614,5295.004995004995,2.17598630771918,4295.3605015673975,2.17598630771918,1114.7771192991497,1.5781862292246762,0.062389381913989614,0.2702772486652979
e401471dd5b7675ca642dd525aecadccecf75bc9,CEK.XETRA,2024-04-23T07:16:00Z,True,0.0,498.8023952095808,0.0,498.8023952095808,0.0,594.6107784431138,0.0,594.6107784431138,-3.2786726686348633,181.0534016093636,0.0,,1.5676694003086626
e6dd93afee57d296d5b025fa8edd633f9cdc3a23,HDD.XETRA,2024-04-19T10:18:00Z,True,-0.8510647351752554,300.0,-0.8510647351752554,300.0,-0.8510647351752554,300.0,-1.063724535877164,311.95000000000005,-1.3829801946597775,216.61617036011077,-0.8510647351752554,0.5601512522278781,0.18187418462273666
431ee20f8351a56ace9044f278167db5b66b018c,SMHN.XETRA,2024-04-18T08:37:00Z,True,0.8526236504902363,4248.2035928143705,1.5834373101933696,3714.1560798548094,2.3142534059501507,4089.29219600726,2.3142534059501507,2077.2251308900522,2.3142534059501507,1302.1398002853066,0.8526236504902363,0.3564126636702053,0.5129576632374182
d8a3c25b177b8ac2c49cdfba77a819ecad18da3e,BVB.XETRA,2024-04-17T08:55:00Z,True,0.8287571350157785,-37.84616486941569,0.5525139647828636,-20.513739117973707,0.6906079255822872,-32.37991651478629,0.1381492094334913,-18.01105297195602,1.6574866457145454,-55.09862575524227,0.8287571350157785,0.4765658516707854,0.45253920605681075
7dbbbe46ca336c384c95dc60ea9afee41649943d,EVK.XETRA,2024-04-16T08:30:00Z,True,2.4892933618843704,2434.791454730417,2.5160546038544007,2992.8551493162154,2.4892933618843704,3071.0117647058823,2.0610278372590995,2755.422053231939,2.034255888650982,1252.0511096166779,2.4892933618843704,0.08928016485683266,0.2653469769865089
4f815d03a7559b3c4f757482435ea3294d3239d2,LHA.XETRA,2024-04-15T13:49:00Z,True,-3.503747846065486,12562.68053645117,-3.934520390580132,3320.6433340717067,-3.273980470993687,2817.8951256341456,-3.561171740379099,2800.6713074091854,-4.394040781160258,1818.1350166578995,-3.503747846065486,0.09191966674114149,0.437892786599536
9380d576ef22fdce65c21dd56ed2846589645502,MUX.XETRA,2024-03-28T13:58:00Z,True,1.3869625904844085,715.1724137931035,1.1095728463127008,1886.8965517241377,1.3869625904844085,2354.8275862068967,1.3869625904844085,2584.536082474227,1.941750400603337,1373.4597156398104,1.3869625904844085,0.41350405576790206,0.26278687992355204
9e0d6b489cea54d3612ad8acd8ec28f84854f154,BVB.XETRA,2024-03-14T09:00:00Z,True,-0.41611650485436913,-60.537936571657966,-0.41611650485436913,-63.90673765375436,-0.41611650485436913,-67.1402306535183,-0.9709015256588072,-25.10484622553588,-0.832177531206657,-50.568069061321694,-0.41611650485436913,0.4551537294136242,0.2646572588182882
95d0e1c27a5bd28d52ff293e6ccd386e43a61289,DB1.XETRA,2024-03-08T15:17:00Z,True,-0.026324296421675886,-24.95367510809141,-0.1316135852932554,492.5716592652402,-0.15793788171493128,604.889715652405,-0.15793788171493128,228.05027249471692,-0.2895514670081978,215.64301435908186,-0.026324296421675886,0.050799257423843495,0.09029677806299102
362b4e30463c0f0ad5153ff4cf813738f173896b,AOF.XETRA,2024-03-08T15:06:00Z,True,0.5747126436781658,9642.857142857143,0.19157088122605526,7588.888888888889,0.19157088122605526,-2.2842639593908642,0.3831417624521105,-0.38022813688213253,0.3831417624521105,30.200501253132828,0.5747126436781658,0.17167508464489747,0.2632402678690179
dbd1e53952f636a36d49004e8e5e2040dddfce84,BSL.XETRA,2024-03-05T14:48:00Z,True,-0.17826203208556324,18807.14285714286,-0.17826203208556324,5247.474747474747,-0.17826203208556324,5247.474747474747,0.17824420677361452,5556.565656565656,-0.35650623885918886,5847.663551401869,-0.17826203208556324,0.6381457970227106,0.325444196067703
5325453d8644201920baf4c3befad2e5d001048c,H2O.XETRA,2024-02-29T14:09:00Z,True,0.0,-57.298737004897326,0.0,-57.298737004897326,-2.1052502770066206,-27.854626686141426,-2.1052502770066206,-27.854626686141426,-2.8947240650952777,111.16934444539908,0.0,,1.6124653264984485
ee43bcaabd688fa07010bcc7a1fccb13ff73f9db,SY1.XETRA,2024-02-29T11:23:00Z,True,-2.306560148036063,6299.053627760252,-3.438875134374353,3733.26582278481,-2.935621815966305,2433.531799729364,-2.851744690241498,1692.6970842332614,-3.480813697236751,1227.1092771350673,-2.306560148036063,0.07878004764311834,0.40421989084970905
af929437496f0c37185ff108e426c305c2bf50ba,V6C.XETRA,2024-02-27T13:27:00Z,True,-5.714299999999994,-50.0,-5.714299999999994,-17.156600748262964,-4.999999999999993,-64.23235249275805,-7.14285714285714,-1.431064572425833,-9.999999999999998,101.78010471204186,-5.714299999999994,2.4297671722291527,1.7050031218018253
3e6686d298c5f8805cde584f032723b8750ba99e,C3RY.XETRA,2024-02-27T09:29:00Z,True,17.834394904458595,49399.333333333336,16.560509554140125,80242.66666666666,15.923566878980889,84306.66666666667,13.37573248407644,86971.33333333334,17.19745222929936,1806.7553618534234,17.834394904458595,0.8060748613906186,1.3815094713879583
91ba805c9e98b3dc12c443d3890e58b6a493e0cf,BVB.XETRA,2024-02-23T11:02:00Z,True,0.8426968659260847,36.98630136986301,0.8426968659260847,36.98630136986301,0.8426968659260847,26.262626262626256,0.4213765228585853,42.33287046220988,0.5617979106173898,0.2504131817498978,0.8426968659260847,0.22994457933259663,0.2418958343766956
972c59946f5178ef21d460b6aa48abddfbbb8144,JY0.XETRA,2024-02-21T12:18:00Z,True,-0.5263157894736858,47.50000000000001,-1.0526315789473717,36.92307692307693,-1.0526315789473717,53.076923076923066,-0.5263157894736858,44.18604651162789,-0.5263157894736858,27.73109243697478,-0.5263157894736858,1.6255810961595847,0.3653902356578275
869ed6a583ab2f8ad9f7eb8f860f007565db9b40,CLIQ.XETRA,2024-02-20T13:27:00Z,True,1.1375336091003163,2240.5797101449275,0.0,2760.8695652173915,0.10341261633919352,1494.4,0.9307135470527417,5277.87610619469,2.585315408479838,1896.351197263398,1.1375336091003163,0.2382205282364568,1.053756534358933
f48bd7b2b9a89cdb62011c5a0edf5813968f6433,BAYN.XETRA,2024-02-19T16:23:00Z,True,0.574316065935121,1800.3505000467335,0.9049774070650107,505.95317925104683,0.8353637603677022,846.3184376707368,-0.05220675434064459,1152.2865853658536,-1.0790080431259286,1009.4981923502507,0.574316065935121,0.07563440856941306,
aecbed7ddaad6d738341d8cc87e8ddbce15b95c2,KTA.XETRA,2024-02-19T13:17:00Z,True,-0.4981344832345136,3233.3333333333335,-0.4981344832345136,-29.5774647887324,-0.4981344832345136,-76.01918465227817,-0.6226649907181803,-22.302158273381288,-0.24907097760720198,-45.469798657718115,-0.4981344832345136,0.2600455197089035,0.1910974468782065
d7a85d99bfce700a7e90fedc06fa23b94e777061,KGX.XETRA,2024-02-15T13:30:00Z,True,-2.723461422799389,18186.68730650155,-2.2811918594318525,14203.472222222223,-2.09496746031117,12686.593707250342,-3.1424558459603458,2705.185384202042,-2.118249583758147,2316.52629608834,-2.723461422799389,0.09697166332229346,0.40740935316753424
fd393aa8e11126899e3e2e239ccd8586919ca810,UN0.XETRA,2024-02-15T10:12:00Z,True,1.9894933179239294,46400.0,0.0,82100.0,0.0,82100.0,1.9519539021003895,2475.0,1.8393394083836112,1612.3456790123455,1.9894933179239294,0.5384914471230038,0.766565218794057
f818568ad2bbc72ca004d4466d1051bb94fe114f,AAD.XETRA,2024-02-14T08:12:00Z,True,1.4760138240220044,-29.08415841584159,0.7380027607195361,-25.61881188118812,0.5535046074399919,-20.049504950495045,0.5535046074399919,-37.944284341978864,0.5535046074399919,-5.651340996168585,1.4760138240220044,0.5199282143513346,0.43558601371044725
43393191b20d4a37afb41c4652e0ba7480270455,BEI.XETRA,2024-02-05T16:07:00Z,True,1.3858453076945887,305873.3333333333,2.078767232147305,7334.611048478016,2.40699260071513,5893.8398357289525,4.339895506642066,2532.7821710999283,4.121074947290659,1556.3766795718514,1.3858453076945887,0.15352168914158676,0.5526548519823276
e29ac16d50118550f2078214fe3d79a8141877a3,F3C.XETRA,2024-02-05T13:36:00Z,True,3.5595163270031316,2065.693430656934,3.67074547668218,5185.401459854014,3.225806631023742,579.8747763864043,2.113465078613186,585.186852769023,1.7797553826337742,678.9774758670004,3.5595163270031316,0.34633549514511325,0.6290667588660477
e660888ef1fa4543128410ddb7edba2e696dec46,SWON.SW,2024-02-05T09:37:00Z,True,1.1997600479904058,-89.66478963025925,1.3797180563887235,-87.71970349215682,1.0797840431913563,-78.45531528806895,0.8998140371925478,-92.71390029728661,2.2195560887822374,-76.91071405611818,1.1997600479904058,1.0604646053668776,0.4593876364707249
9ed87151a8fe803daa39ea12f512abd0c6b8413b,DHER.XETRA,2024-02-02T11:30:00Z,True,5.473999793238926,3112.691570881226,3.3702005582549432,914.84196392931,4.46603432234054,587.7701590212793,3.897446500568602,313.2507217410615,1.829835624935372,103.60430827260289,5.473999793238926,1.1662422425943593,1.6090155752277582
11ef80358df442d0e8f7a14345d1a9a22d23ad89,MLP.XETRA,2024-02-01T14:35:00Z,True,-2.568807810790419,455.198973042362,-2.568807810790419,102.10856886496185,-0.5504404679707253,397.2633467922836,-0.5504404679707253,453.7685060565276,0.9174497096237966,460.9899823217442,-2.568807810790419,0.17608017378672208,1.1520536352863762
64c12c3a72d5276a8b7cdac489f4829b7db8927f,AFX.XETRA,2024-01-29T10:11:00Z,True,0.9761100422811086,816.9230769230769,1.2045648638245643,7198.360655737704,1.64069984504569,2569.2874692874693,1.5160944491351636,1316.4495114006515,1.972993708006432,494.4773643043375,0.9761100422811086,0.1672822682841461,0.26843530085265044
8b62c7e3d5879497d4f90c563aef24c48999303c,RWE.XETRA,2024-01-26T11:28:00Z,True,-0.08201749365727151,12831.880319834923,-2.4330316448050393,10791.605415860735,-2.3510114174135732,11678.78674405542,-4.756700252687251,9961.376495686856,-5.658838008232969,6645.892546256934,-0.08201749365727151,0.05362557256853197,1.6930779486763052
91f00b494f497649a40b8fcb30a70269c0cb52e1,DWS.XETRA,2024-01-25T16:03:00Z,True,2.748762981067543,305.3223460979156,2.8587052540212987,547.4392041267503,3.0236337816483383,436.0463567337152,3.0786117900326593,309.81043493666397,2.96865852202699,346.76473925046326,2.748762981067543,0.19313938915385584,0.19127977768391863
b687b2d5899c2f4486ab9f39b587227e3fa718f9,NDA.XETRA,2024-01-23T13:22:00Z,True,0.1532301516018908,60.250494396835855,0.6742169575783885,-66.38560566137168,0.30646183553595385,-63.51789499937648,-0.3064740941932653,-46.05934512309903,-0.42905147321326,-26.032105612623525,0.1532301516018908,0.08585911435135768,0.4176517200192756
a24c1c2eb5fe7e12bf98a46823ca7b5b21aafae8,NDA.XETRA,2024-01-22T15:31:00Z,True,-1.5745600980105023,231.68949771689498,-1.4819373720882267,333.2708177044261,-1.698051920285648,76.84210526315789,-1.7598009187959618,43.4239168597711,-0.03086755266650254,71.02732188142973,-1.5745600980105023,0.1700302372341428,0.1677411182165003
652fc3ea7ab90d0b05ebdeec93292980378c183f,BRNK.XETRA,2024-01-22T11:18:00Z,True,-2.9719940461517713,2318.8732394366198,-6.992974473068003,3343.098591549296,-7.342624944973764,7014.824797843666,-9.615353012361204,4783.754512635379,-12.412556787607276,2223.976458546571,-2.9719940461517713,0.39413538700490997,3.083508355224049
9c46ae5801c33dea5eb048a15f77b9fcb2fc24bc,VBK.XETRA,2024-01-15T16:11:00Z,True,-4.2487912504945875,16089.75903614458,-5.387643687588417,3733.725490196078,-7.1397243600405,3480.332409972299,-9.680241335095985,2715.547703180212,-9.46123125103947,2503.6113936927773,-4.2487912504945875,0.23175890862180856,1.5425249167697732
bfbca1c90eba54ad0ea692d0271e0125ca69c440,FTK.XETRA,2024-01-03T08:40:00Z,True,-0.6944444444444531,-64.82320942883047,-0.8796388888888895,99.69779389543669,-0.8796388888888895,217.6690724405239,-1.3888981481481655,238.5554574874963,-0.9259351851851894,-25.742424450832868,-0.6944444444444531,0.23014464850976268,0.25845904910215395
131c0c676005e6adb30d4e6d628f2df2ed0d7165,BAS.XETRA,2023-12-21T14:05:00Z,True,2.1911305872056586,4378.913282107574,2.0162535133474657,1624.1459676904412,1.0801399255249367,1590.423340371839,0.3600432128390674,1074.207295617156,0.102868019810054,596.8635696755393,2.1911305872056586,0.10517089069349665,0.7172786445580827
859cc70ffb3cc90233235973021de4d739377f85,NDA.XETRA,2023-12-19T14:58:00Z,True,0.2833603848964472,1152.1844660194174,0.18031813730445823,738.7681159420289,-0.07727717770836806,248.82528833831694,0.0,150.99129593810443,-0.5152009339927988,147.79332615715822,0.2833603848964472,0.3016404026343975,0.2645646713149032
2755770476c85e13e9c1e3607b120aee1e9770e4,IOS.XETRA,2023-12-19T13:43:00Z,True,1.9999937499999954,185416.6666666667,2.874993749999999,250150.0,3.125,282250.0,2.499993750000007,2543.811168681635,1.9999937499999954,527.2899957788096,1.9999937499999954,0.04723712392545143,0.37921962387503216
3dafdd0d882088eed9cdb9c27bbb3cfcc78b2c82,FTK.XETRA,2023-12-12T11:02:00Z,True,2.6252983293556076,4040.9638554216867,1.8138329355608551,5212.222795255286,1.3842386634844939,3798.7184051263794,1.9570405727923568,1453.8908706566258,0.7637231503579978,308.5286868802659,2.6252983293556076,0.2299377760955846,0.4743785728236985
d049ab5b6480d35c2062f7f6b8cfe678d694f14f,TMV.XETRA,2023-12-07T11:41:00Z,True,2.9024767801857587,2260.9326018808774,2.6702786377708954,2481.609947643979,2.554179566563475,2061.3584905660377,2.7476702786377594,1316.0624923715368,1.7027863777089758,900.9585018560585,2.9024767801857587,0.16595669282090583,0.357696129607189
8f0efb7d29a3414e3ffa227329ca811d5d1121e0,GFT.XETRA,2023-12-05T09:58:00Z,True,-1.0340662702534642,604850.0,-1.0340662702534642,654850.0,-0.60827552894539,8920.27027027027,-0.42579074130807415,1353.9194915254236,-0.6691058190661292,1557.733050847458,-1.0340662702534642,0.1320993944684663,0.26505443317385446
e4d4ca502b31d18fa6f923d29bd436635a5d7b9f,COK.XETRA,2023-11-30T13:13:00Z,True,0.7235926455713804,617.4688057040999,0.5788712221009851,215.91672263263936,0.5065159372835026,273.13633310946943,0.43415703452087673,306.3529411764706,0.43415703452087673,588.788040576615,0.7235926455713804,0.09426441843054763,0.11735313191691919
199a4b9a7e94bad0901ee13cf5fabaed6524f535,LHA.XETRA,2023-11-30T09:29:00Z,True,-2.0413212915996515,3248.373629112662,-0.8165285166398695,1839.0815854620637,-1.4227514536681918,1554.5609041954176,-0.9773722627737236,704.3061873393071,-0.5567239886180908,286.27506612009563,-2.0413212915996515,0.21203697584222056,0.5909319711245109
234a6d65b70ae446ea2cb563cdea0908fed7d6dc,EUZ.XETRA,2023-11-14T11:04:00Z,True,0.4584819387917438,929.1891891891892,0.4584819387917438,-21.776155717761558,0.4075395011482019,-20.58587479935795,-0.6622465951220957,-22.029702970297027,-0.8660214399399679,-2.2114608555286575,0.4584819387917438,0.42131350356384306,0.5855657361009956
59794b0a3062a2142431535410f1fe254b4cd69a,SMHN.XETRA,2023-11-08T12:17:00Z,True,9.449761330727346,275340.0,14.712925521107966,806800.0,19.019139893489225,943900.0,15.311011681280595,1658920.0,17.82297355400557,12940.942408376963,9.449761330727346,0.24850769483325935,2.6034298872901904
f1a0f327bd05f64c4cd0543fa44dfd7e849f2d5c,DWS.XETRA,2023-11-03T14:38:00Z,True,-0.1395638569282487,12.830957230142559,-0.2791346922238147,-61.9073275862069,-0.2791346922238147,-71.09566639411284,-0.2791346922238147,-83.4348641049672,-0.34891836527977116,-73.84486723813507,-0.1395638569282487,0.17601628397211846,0.11736610410019058
0704c7dbd8c3f3fab750c96965a6b505fdbaeb67,NOEJ.XETRA,2023-11-02T15:01:00Z,True,-3.086785090273747,282.5581395348837,-1.7472335468841083,492.9453262786596,-1.5142748980780607,425.57200538358006,-2.2714036109493296,1971.0632570659488,-3.145026208503199,423.2726221451286,-3.086785090273747,0.26380674253768777,0.5833954699131684
a6363a1d2edf0c40fec063f7de20c98d603ac6d0,NB2.XETRA,2023-11-02T13:06:00Z,True,3.1578912280701754,73650.0,3.1578912280701754,187.52436647173488,1.7543859649122862,314.3274853801169,1.7543859649122862,308.61513687600643,2.4561403508772006,183.7266470009833,3.1578912280701754,0.6500917696591174,0.6108158083912065
09276ca8a8476fb8412429e89b705e8caba62e5f,DTE.XETRA,2023-11-02T12:15:00Z,True,1.6252390057361454,641.661279896574,2.0076481835563875,1597.3260198834416,2.8919646271510446,1244.3106014977782,1.7686424474187223,1198.3937175433612,1.434029636711287,625.2318590554358,1.6252390057361454,0.12813999410254023,0.4615597244996158
e98b4c4368bad9e0553602c27e7a5f2f580c934c,SZG.XETRA,2023-11-01T14:52:00Z,True,1.3651877133105783,7538.297872340425,-0.5972738907849884,23382.269503546097,0.08531996587031188,15992.307692307693,-1.2798677474402775,7923.012552301255,-1.1092150170648574,2077.809147374365,1.3651877133105783,0.15466682951506527,0.9272341696337147
04bad6f20d4c9677fef92de2b6b7e1841354d7cb,WUW.XETRA,2023-10-25T12:34:00Z,True,-0.7092198581560294,993.5348125478195,-0.5673758865248235,295.52723337741975,-0.5673758865248235,320.57232175063126,-0.7092198581560294,371.9249729469761,-2.55319858156029,439.2930143080438,-0.7092198581560294,0.4000604136840442,0.6622298385122364
d3e2948e9b253a595f1b50a91a84a7fb873b75fd,MUV2.XETRA,2023-10-23T11:14:00Z,True,0.515462281354373,5696.2962962962965,0.16277970434976918,770.873108265425,0.3526823057078188,779.4621979734997,0.32555099849889135,592.3012048192771,0.4611993956397331,309.80370036101084,0.515462281354373,0.18058426084421814,0.10653274993617737
35dbcec2e793c2c555ab01534368828931035fac,HEI.XETRA,2023-10-19T11:17:00Z,True,0.397274387176183,284.33372080735495,-1.9863818677760325,399.0648438241717,-0.766176187591805,390.7697458982849,-0.028382518655678535,520.9127146040614,-0.2837755270810538,382.7180278569167,0.397274387176183,0.35592606524836223,0.6161827577416412
b665482afc8ae39971d3da346a8f4cae1eb98b9f,KGX.XETRA,2023-10-13T14:22:00Z,True,4.818569590634714,4995.179856115108,3.777516584028362,3402.0750686603596,1.4574718297127642,2358.1114225648216,1.1302856115577242,1162.3088307844105,2.022608686651317,164.39869749986204,4.818569590634714,0.1438758263805804,1.1270039660318993
850649acb5a4e07193484f805aebe718b2a4fe14,FTK.XETRA,2023-09-29T10:31:00Z,True,3.8605359726694877,17057.770800627943,3.6114574858602033,15239.329268292684,3.237858435598806,538.6127877977374,3.337497302303527,540.037832976711,4.408468793084519,670.1600487989078,3.8605359726694877,0.39291781005192217,0.4759573231623034
7297f967fdf940f6a50a9979070d92640b9f1a86,DR0.XETRA,2023-09-27T14:57:00Z,True,0.8156607117670633,2914.4144144144143,1.4681925438235766,4347.747747747748,1.7944568285303886,1240.681362725451,2.28385325559064,808.2810539523213,1.1419282591167423,1041.3120567375886,0.8156607117670633,0.6955938719414191,0.5488661582838262
bde10f5ed2bb73c1fa0b44d99dd7a12b3a2d6069,MUX.XETRA,2023-09-22T08:00:00Z,True,2.087682672233826,1849.7435897435896,1.6701461377870652,870.3056768558952,1.8789102296451032,247.48677248677245,2.087682672233826,116.93426994480683,3.5490563674321463,123.6699972994869,2.087682672233826,0.7142154302697136,0.5068542397667921
fde94a61c8d194b1889bb07cd8a8172562a2a5f9,DHER.XETRA,2023-09-20T15:09:00Z,True,1.9974571972098953,3619.356713815152,1.8230849714648167,1423.5121485121485,2.013313253012039,917.5521705394699,1.91819911223845,319.8058201197794,2.1559955611921477,72.40161891477833,1.9974571972098953,0.2678826045884265,0.12405021792022983
f378e40598338eca80d74fc781e2181a3353a4c2,SZG.XETRA,2023-09-19T12:39:00Z,True,-2.223987291501184,57125.58139534884,-2.859416203335985,21914.4578313253,-3.7331254964257266,8443.004587155963,-2.6211278792692583,3241.055341055341,-2.5416997617156545,2546.4505442498817,-2.223987291501184,0.11867196114868858,0.4647913292921253
9f2b60c034b90d5e8b3f7beb8cb67eb753092454,NDA.XETRA,2023-09-19T10:33:00Z,True,2.6674494961122175,6200.884955752213,3.0231074530331803,5512.582781456954,2.7860061002072056,3053.156146179402,4.97924251722397,2060.4743083003955,4.416117171779033,919.6927072062325,2.6674494961122175,0.06123567971345521,0.9361101820520783
59e124523792c255200b87a1ea8ec11a1ad2a7ff,PFV.XETRA,2023-09-18T14:35:00Z,True,0.13569403629483112,-60.08230452674896,0.13569403629483112,-16.872427983539097,0.27137721777232837,-2.0576131687242816,0.27137721777232837,-2.0576131687242816,0.13569403629483112,210.28806584362138,0.13569403629483112,,0.1106900403639268
80e4e9125e74032af957d2655894c33b000dec1b,MTX.XETRA,2023-09-11T12:55:00Z,True,-3.1044976343918007,793.1062951496389,-2.069664753064171,488.95937884670013,-2.751142269021445,455.2917598088337,-2.7763754838048826,263.5174038209893,-4.366486490666743,175.3324053184851,-3.1044976343918007,0.3911381296412732,0.7560954221481292
e6fab57607192e83e1cf105471c7febbb7440f61,1COV.F,2023-09-08T17:29:00Z,True,1.9005933274973241,4900.0,1.9005933274973241,4900.0,1.9005933274973241,4900.0,2.6631650617644276,9590.0,2.3149499075965307,11590.0,1.9005933274973241,,0.5532299663703109
5d9c5a4006dee4da04d6003786536afa091fe6d3,VH2.XETRA,2023-08-31T12:43:00Z,True,3.697183424047834,42857.954545454544,4.753521545204364,62005.681818181816,3.8732485803915973,72463.63636363637,4.929586701548128,176454.54545454544,7.2183192973872545,227496.5909090909,3.697183424047834,,1.3638192303126302
0bcece532e97ebbab4b167350a8532752e97895c,CFC.XETRA,2023-08-14T13:54:00Z,True,0.5617980684258672,-33.333333333333336,0.5617980684258672,-33.333333333333336,0.5617980684258672,-33.333333333333336,0.0,1294.8,2.8090465219362537,641.8472063854048,0.5617980684258672,0.0,2.233618635044872
7d6960313a14eca684f2dcfe20479a19593966c3,SFQ.XETRA,2023-08-08T11:45:00Z,True,2.882314081850601,499.35,1.3610889800711679,1062.5,1.921537383629901,853.1362365161806,3.5228265430605754,1175.0281214848144,3.9231388249110433,526.9461859979101,2.882314081850601,0.24048583296699108,0.9137935673024162
9006a76cdd952703b040ab6608ed2d78c2be05d7,1U1.XETRA,2023-08-02T10:45:00Z,True,4.2635759945325535,3823.0198019801983,6.201560678445817,9179.20792079208,7.170553020402437,3136.423841059602,10.077520356348879,8774.688187820984,14.534885129349329,7140.460526315789,4.2635759945325535,0.4875674011952946,3.0598741955898543
13c10b0bcaa8e8b3d638cc71dfa9e32b7c3f54d9,COK.XETRA,2023-08-01T13:55:00Z,True,-2.5229320536289013,80543.13725490196,-2.2171254670154905,60040.27777777778,-2.370026849007145,60827.77777777778,-3.363910679048565,17731.73076923077,-2.5229320536289013,19118.126888217525,-2.5229320536289013,0.1025248997220216,0.4289813402297407
2fd8b57478ccb7115374f9ec9581fec93008c5a2,SMHN.XETRA,2023-07-27T15:08:00Z,True,-7.9999999999999964,1345.0928381962865,-13.400004,-42.580423189403064,-14.59999999999999,-26.158610012041972,-9.800004000000007,-3.627220022388189,-6.2000000000000055,47.611959616878075,-7.9999999999999964,0.6463500155102948,3.3709735945413253
0ae8950077e94763ccf97c492cb2b36650658239,SDF.XETRA,2023-07-26T14:22:00Z,True,-0.47485477513155017,52575.063613231556,-1.3966481227177696,3866.898651587647,-1.1452514606285824,3296.325341698409,-2.5139610342995056,1652.6086651218313,-0.754189986267606,1075.9356625081666,-0.47485477513155017,0.36912075228691504,0.7285202157111397
267bce299514b56b2a409cb918e896060f8b99ea,SGL.XETRA,2023-07-24T14:40:00Z,True,2.019530944625414,9728.8,2.931596091205213,7976.975169300226,1.6937980456026125,2682.9175329175328,1.1074918566775338,2291.6837256908907,-1.3029446254071653,1179.7250462107208,2.019530944625414,0.15463490290967166,0.7060889302962124
edc8874eadb99ae915cc00609631558f14871537,EUZ.XETRA,2023-07-21T13:21:00Z,True,2.35294117647058,6521.714285714286,2.7450980392156765,4015.1815181518155,2.913168067226879,773.6783528102393,2.6890728291316446,490.83469721767597,2.35294117647058,495.7597173144876,2.35294117647058,0.118077644137347,0.24013904091382587
86f64171c87f5ed87c950dbd8ff110325107d3f7,SWON.SW,2023-07-20T14:23:00Z,True,0.8029925053533171,12771.875,0.37473233404710093,2262.037037037037,0.37473233404710093,1394.7841726618706,1.1777248394004403,2418.1980488426957,2.034255888650982,983.7424706230868,0.8029925053533171,0.20090018410210592,0.5754798238660556
f595aa041da32b5656cbe5b896a1a03a1bf24362,SZG.XETRA,2023-07-20T13:54:00Z,True,-1.3125031249999974,5451.258581235698,-2.1250031250000023,2460.4285714285716,-3.312499999999996,2378.9205269868253,-3.5625000000000018,1240.2910685805423,-3.500003124999995,1290.1438035223784,-1.3125031249999974,0.32895416651451576,0.8487863568204551
5117671ce8f544d09489918cf31cecf0dd13d5f1,WAC.XETRA,2023-07-13T12:22:00Z,True,6.422023230368046,12241.07142857143,5.504591995623498,19379.464285714286,8.027523304014839,30655.357142857145,6.8807342605841315,37250.892857142855,8.256885699857142,4169.642857142857,6.422023230368046,0.13232127589867068,0.9729026546226409
9e56c2eea3b3dbca813d49b73d7f1aa547f13700,CON.XETRA,2023-07-12T14:00:00Z,True,-1.534518394480744,3661.459754433834,-1.8186971505554372,4175.941737820191,-1.8471100531590068,4054.5374835598423,-1.4776940101318914,942.5540978020106,-0.8525135344919055,850.6990044482102,-1.534518394480744,0.123079811025242,0.5493580946596347
f5700865bc4b0bdd13ef116f9c49ff7ec7a184bf,EVK.XETRA,2023-07-10T11:40:00Z,True,1.1204425770308113,2967.659727207466,0.952380952380949,2744.153903623459,0.7843081232492999,3080.6748848213174,-0.25210084033614466,3480.188094253824,-0.36415126050421964,2195.1245333481916,1.1204425770308113,0.10952708610759625,0.5475230054738487
c75bc1c286d14c92d2083f0164949ad5bd5834d8,COK.XETRA,2023-06-21T12:57:00Z,True,3.4959979423160314,7309.931506849315,3.423161086058313,11607.191780821919,4.151496873688898,13410.273972602741,3.9329972298979277,14594.86301369863,3.641660729849261,3284.891598915989,3.4959979423160314,0.08413930281118573,0.2990912617741635
737b4dbf1a449bcb5ef6968ee76d5e3cfef6700b,ST5.XETRA,2023-06-21T10:56:00Z,True,-2.197804639804646,62.16943074854326,-0.9768034188034291,95.15912147019274,0.0,170.9933774834437,0.24419780219779863,188.6574074074074,-1.2210012210012167,203.14017481385562,-2.197804639804646,0.12102182978731295,0.7482693466124177
f194b3a4b437591c4b7bb5d51722f6350eee3736,DHL.XETRA,2023-06-19T14:05:00Z,True,-0.0902040795985215,123.52082780578404,0.011268462932267909,1.7586303154368599,-0.0451031673220581,-19.60852013173271,-0.05638065043679363,-30.09946310077296,-0.2593347556808179,-5.582164674365275,-0.0902040795985215,0.061888727425757566,0.08707562226749344
0ff583ecd8a01ef5fe6980725c1dd30895403a67,FTK.XETRA,2023-06-16T09:24:00Z,True,3.47172179216515,4702.0577497510785,3.002568613652379,4545.66220074676,2.838365001172871,2411.3615284733814,2.0173469387755105,1164.3809904153354,3.213699272812587,950.0734666793061,3.47172179216515,0.26509133116394246,0.7088084512128772
e8d3e135ee507c692eec9aeaa37e8278d8a3f5d0,SDF.XETRA,2023-06-14T09:51:00Z,True,-8.192090395480223,638362.8571428572,-9.290652856246073,29458.692810457516,-6.1519209039547995,28621.743063932452,-6.4971751412429395,12338.60118478884,-3.9861895794099156,7448.495370370371,-8.192090395480223,0.08072469468823545,1.452695433572549
648cde9046abfa46c9e8fd093de972f3c8fee046,BVB.XETRA,2023-06-07T14:00:00Z,True,0.22828767123288518,0.36790848662853204,-0.2283333333333304,-50.42999452330555,-0.2283333333333304,-78.93966821236393,1.7123059360730553,-53.596799665439576,-0.34248858447488706,115.55112152361309,0.22828767123288518,0.8795007325001938,0.6317751701591715
2a2f9c35be37116b93f268107b038e06ec768580,FIE.XETRA,2023-06-07T13:53:00Z,True,0.12986580086580268,3301.8181818181815,0.6926406926407003,4482.5,0.7792229437229459,2940.243902439024,0.7792229437229459,-46.54434250764526,0.6493506493506329,174.2125382262997,0.12986580086580268,0.06537717347540455,0.25799338565749785
eb00691d14062a5e2daab1b28b5340839d5c7443,DWS.XETRA,2023-05-24T12:05:00Z,True,-0.395775079016325,4222.164948453608,-0.395775079016325,1218.730650154799,-1.1873351315084157,793.256644188814,-2.440633325878405,466.7246520874752,-4.683377463172079,459.7109754578298,-0.395775079016325,0.22697731148466418,1.6843530079477083
d507c7eb26a269763246d364e7fc802b83cca637,ST5.XETRA,2023-05-12T14:52:00Z,True,-0.8421094736842161,-41.656942823803966,0.0,-44.950495049504944,0.10526105263157781,-50.26881720430107,3.5789473684210593,125.81508899039218,-7.8947368421052655,56.40188822192436,-0.8421094736842161,0.5681005771000409,2.433812952170106
e04a20a7a6388b419ee2a453af9aefbf84d10fe6,MUV2.XETRA,2023-04-28T12:40:00Z,True,0.5044545994065341,3035.0,0.5341207715133578,1503.7606837606838,0.38575281899109193,754.2188805346701,0.14836795252226587,1355.3992261695391,0.5637961424332261,1005.0649636643911,0.5044545994065341,0.05579674650497692,0.16797801298454956
391511b31e8475f92a36ddacbf510a84587e38e9,TKA.XETRA,2023-04-24T12:14:00Z,True,-3.027787369637669,12425.207215992199,-4.349023444677047,11840.448430493274,-5.890449475701831,6777.749954192879,-8.147537592559528,7141.443105010105,-9.523810834545943,4680.184077091294,-3.027787369637669,0.1976117508450488,2.222018134316612
16506a36369d8376a78b34ed017205f87083d532,KGX.XETRA,2023-04-19T13:10:00Z,True,6.713684062059233,17895.4128440367,7.277850493653015,17352.224824355973,7.672772919605064,2225.408917768317,4.090270803949214,2628.5147490081076,3.864595204513388,3151.606531472215,6.713684062059233,0.09243012596639949,1.3248159428415653
0d62036d119babb7c1d466405102a955f33ef881,AFX.XETRA,2023-04-19T08:24:00Z,True,-1.2555650467578783,16023.214285714286,-5.346292599312841,3369.020501138952,-7.654918028510915,2131.8916557448665,-5.427295437093416,1448.2986941327938,-7.209391080093674,898.8961096768451,-1.2555650467578783,0.36363500823168926,1.7211742378930597
a44b132a64a13570f35379ccc4713d6f9f5ea842,NA9.XETRA,2023-04-14T13:45:00Z,True,2.0790021654470747,2855.6756756756754,1.5592516240853005,544.8979591836735,0.8835831968226016,463.8253638253638,0.5197505413617742,797.0209339774558,1.2993763534044245,159.6163788646469,2.0790021654470747,0.6260978051845729,0.4450895802379229
ce9fe6b839078f71bf807c549ec6127ac21595c5,BAS.XETRA,2023-04-12T14:26:00Z,True,0.9990730661890268,3063.3446583616455,0.7312864653944429,1669.0799162855594,0.9063796850913519,1439.436103991212,2.008449974598836,1017.6902768147635,1.9569472430506663,488.9097698956004,0.9990730661890268,0.1834290990683657,0.5068530595847143
01b3bbad0d086a8fe7ee0039f06ed3c75452150d,ADJ.XETRA,2023-04-12T10:09:00Z,True,6.162922465208731,145.2881738149963,2.6837972166998014,0.29504436029961223,0.6958250497017815,21.875037340630186,1.2922465208747402,2.3597376341331744,-2.7833996023856944,-18.350082076606654,6.162922465208731,6.923122710437898,2.1720775362231906
ee5d390088b715288270ff54fb9768a565fac4c8,BEI.XETRA,2023-04-05T11:49:00Z,True,0.4095004162080418,198129.1666666667,-1.5561032195921864,52850.34722222222,-0.36854791758472727,44637.34939759036,0.12285176286408461,4619.749290444654,0.04095249862330341,1931.7477575428106,0.4095004162080418,0.1254586010836441,0.5189519679655965
fbaf542eefb403b55ad7748504c7dbc0ee11197c,EVT.XETRA,2023-03-28T09:01:00Z,True,3.712035995500562,4460000.0,3.0089988751406116,6144.049159120311,3.1214791901012395,3474.8853615520284,3.768278965129346,1218.4143222506395,3.1214791901012395,420.33541161528694,3.712035995500562,0.31040760075337914,0.5735379546795104
9d2002fd12b803bbfb74e47f6ba36eb528ec01d0,SZG.XETRA,2023-03-23T14:28:00Z,True,-1.202639879894174,1710.0139082058415,-1.4431750717483594,2197.0792767732964,-1.5634306412165233,1718.7891440501044,-1.3229074758212556,883.4221748400854,-2.164756594393069,565.714856230032,-1.202639879894174,0.13292528068231574,0.24466933164380814
77c842750eef07eae71a197ad8e9299a73dd3f8e,DMP.XETRA,2023-03-22T10:00:00Z,True,-0.6299160435651485,414.4171779141105,-0.6299160435651485,414.4171779141105,-0.6299160435651485,258.89101338432124,-0.5774199778173172,288.5478158205431,-0.262461956034743,523.1404958677685,-0.6299160435651485,0.0801163931291116,0.290561944885419
d6a77b183e286a320705499fe16553d6a995b857,HAG.XETRA,2023-03-21T09:56:00Z,True,-0.15151515151514694,1066.6666666666665,-0.15151515151514694,1560.0000000000002,-0.30302727272726315,3540.9999999999995,0.45454848484849375,631.8927789934355,0.0,115.94694632942625,-0.15151515151514694,0.18925908153631038,0.2454407039337001
9d773650f2161ec354e63c9c645c07ec25f7e060,ZIL2.XETRA,2023-03-20T11:14:00Z,True,3.1887755102040893,2823.6750348675037,2.487232142857132,2122.7759780712686,2.0408163265306145,2225.3924744580113,0.9566198979591878,2538.87366060304,0.7653061224489832,2312.858422939068,3.1887755102040893,0.3983169058697335,0.7836632903289941
f60702fa8c26f5c813ffbe1f67aef888c529a65f,BIJ.XETRA,2023-03-16T10:02:00Z,True,1.7766420868872368,21675.0,3.5532943260585093,31716.666666666668,5.329946565229782,53833.333333333336,7.106596266330034,88250.0,6.5989820660156795,86440.0,1.7766420868872368,0.5404691933214177,2.0754057166754745
a705d6d1c47c3b31e86f6e25ad6882a943097420,AAG.XETRA,2023-03-15T13:28:00Z,True,2.8409092926782176,765.072463768116,1.278416283978423,1097.536231884058,2.698870930317532,1196.0869565217392,2.9829618595853535,1718.5507246376812,2.9829618595853535,1226.4270613107822,2.8409092926782176,0.5004344495938245,0.7865078736306331
8d79e53a230fad0fb3d5bf4a115f85280cc10ca1,PFV.XETRA,2023-03-14T15:07:00Z,True,-0.494439422229187,3185.5555555555557,-0.12360753788118739,1825.4691689008046,-0.6180469601103744,2245.844504021448,-1.6069264226157065,3022.422680412371,-1.8541408803311343,2115.3846153846152,-0.494439422229187,0.12771713255854242,0.6805162540958294
ae7c742f689c5f218e254d9e6b34df3f69e2f163,SDF.XETRA,2023-03-14T13:37:00Z,True,1.8978151775092655,2578.628841607565,1.9951339170381388,3461.928199189346,2.238447797491383,2742.2583265637695,3.844287291692816,1470.3072405643486,3.9902727002565808,1054.2666142351554,1.8978151775092655,0.19050585488775754,0.7798345591076455
afeda876054e84533c824920d56c4bfe66a3b1b9,KCO.XETRA,2023-03-13T15:05:00Z,True,0.6529483327923913,320.5951540813926,0.3013561327328995,294.43840579710144,0.5524962885480766,45.647334105727076,0.4520442443037842,-70.80191926698991,0.1506881115708847,-49.640510469293,0.6529483327923913,3.305195026286032,0.270793533441563
b18ef336ab0a8727e8c92519491782c947a01a7d,GLJ.XETRA,2023-03-02T16:09:00Z,True,0.13227844352772244,11168.243243243243,-1.4550265031424203,25203.378378378377,-1.1904762298437843,2383.0699774266363,-8.267196040581881,1436.5844027640671,-9.72222254372429,2260.009781545484,0.13227844352772244,0.07949972123816866,0.9549139621122699
5f022fb529bd1d2a551d5bc1d8a2c43d03d12117,ST5.XETRA,2023-03-01T14:29:00Z,True,-2.752293577981646,1802.4752475247524,-0.917431192660545,2711.8811881188117,-0.7339486238532089,2968.3168316831684,-1.651379816513765,3872.7722772277225,-2.2018366972477055,723.5462345090563,-2.752293577981646,0.49506543915164225,0.6529848135194984
bd23f3e39363103b7b9c4ead67a88210f46445c7,BYW6.XETRA,2023-03-01T10:07:00Z,True,0.3484343867232287,8890.0,0.3484343867232287,8890.0,0.3484343867232287,528.6713286713286,0.46457840800413486,381.22977346278316,0.5807201064046419,152.58215962441315,0.3484343867232287,0.16444124654606668,0.13171899943892082
8e6d3899ecd66b8fa9778d786c29675ae9dde13c,SIX2.XETRA,2023-02-28T13:03:00Z,True,1.9008289256198463,13387.5,4.876033884297515,24128.571428571428,5.1239636363636265,35813.63636363636,6.694219834710746,24900.787401574802,5.289257024793392,5797.6973684210525,1.9008289256198463,0.13574268763491404,1.2073166123392214
758d58b6cf687c57a44fcd15317f9c8a7b47f92d,SBX.XETRA,2023-02-28T12:57:00Z,True,-1.0889382940108883,143.00000000000003,-1.0889382940108883,-55.81818181818181,-0.1814882032667886,-19.454545454545457,-0.1814882032667886,-19.454545454545457,-0.1814882032667886,-19.454545454545457,-1.0889382940108883,0.5114696428112465,0.6457661046051775
2d44bbdccfc23fdd582f6d5233e90288d178d15c,WAF.XETRA,2023-02-24T12:45:00Z,True,-7.315432214765094,284700.0,-9.932888590604028,8205.533596837946,-10.067114093959727,6809.633649932158,-9.999995973154352,4555.005753739932,-12.751677852348998,1718.6581228797588,-7.315432214765094,0.18995054599883346,1.8220473650638063
da759ad4ec1b1ae26582f22d7e286d864c147326,PFV.XETRA,2023-02-22T15:08:00Z,True,0.12788555559590797,-70.05988023952096,0.12788555559590797,-77.20364741641336,0.2557608810123124,-55.16717325227963,0.3836362064287391,-33.59375,0.2557608810123124,-21.791559000861326,0.12788555559590797,0.2554289644989698,0.14535397204541448
d7d62ee50e6f7d964526309c7208959534c8762c,MUV2.XETRA,2023-02-22T12:53:00Z,True,-0.15508685200250616,1442.4277456647399,0.09305800450187807,1191.6862745098038,-0.06202884750061699,767.6272814601346,0.0,297.32979664014147,0.031019541616439383,106.75692307692306,-0.15508685200250616,0.07302661772195912,0.08761495570759126
401c5dab7c8dbb0d3cb114a76790a3b4a312ea63,TTK.XETRA,2023-02-21T14:27:00Z,True,1.7980636237897585,1146.2686567164178,2.3513139695712226,4142.786069651741,1.6597441217150788,5079.104477611941,2.9045643153526868,1996.1073825503356,2.0746887966804906,1121.5954415954416,1.7980636237897585,0.17893380508274043,0.5895973634433691
89792b917751dc5e13732bdaec4a24cbf1b446a7,CBK.XETRA,2023-02-15T12:01:00Z,True,0.7877893439477424,9350.380456547857,0.5908518553276121,1584.3074245163016,0.6400886893243474,883.1100284206252,1.0339833612982074,120.1702359841768,0.44313150597059536,88.79011037730959,0.7877893439477424,0.15359961911297612,0.21668285040971402
1cb564f4df2a71049989c067eba8269d1357f2af,JEN.XETRA,2023-02-14T12:55:00Z,True,3.409090909090917,559.1584158415842,3.141711229946509,1530.4455445544554,4.07753676470588,2891.460396039604,3.877002005347596,7023.1435643564355,3.676470588235281,8040.09111617312,3.409090909090917,0.14165509339794824,0.3836336308513784
1cf59dc671b798ae3a3b355e1b3b65b3b37b3334,PNE3.XETRA,2023-02-13T14:48:00Z,True,3.521120892018792,3769.38202247191,3.7558685446009488,4861.23595505618,3.2863849765258246,1842.685971043435,3.1690082159624433,1844.0159045725648,3.1690082159624433,1326.0260743602125,3.521120892018792,2.2839218570847395e-14,0.24239649992347934
ab2608c04fa938bc0f4cf3c348cdf5d9e638aa07,VIH1.XETRA,2023-02-10T12:21:00Z,True,-1.1135857461024523,-36.69565217391304,0.6681514476614803,185.10144927536234,0.6681514476614803,185.10144927536234,-1.5590200445434244,302.15538847117796,-1.7817416481069048,123.84563908097257,-1.1135857461024523,0.10860573148870953,0.8766615847852139
9e9e21c9aa698202b9b7d337ca6d21405466f85d,FME.XETRA,2023-02-09T15:26:00Z,True,-0.2217854233930061,-11.720535422788114,-1.9129415556679241,23.01197762023066,-1.885223229421218,42.803554458912,-2.301075749960524,94.50321929049363,-0.776265616198113,116.64017854123693,-0.2217854233930061,0.3763865751946212,0.6327712201579778
0870e340c2a2378ff2c6cfffbe95a81176548af0,FRE.XETRA,2023-02-09T15:24:00Z,True,1.7096999898709164,303.9076933049556,2.651783065309954,483.02639656230815,1.1863259311349017,486.7237687366167,0.6978402197431954,306.49951745011543,0.6629483832152339,217.05292850877575,1.7096999898709164,0.480034043034089,0.6575795508235133
f354b43f0753915403f3eaee8a01cc61cb6d5c85,BAYN.XETRA,2023-02-08T16:14:00Z,True,2.8006003219755105,2314.5697272378025,4.091896627672376,2274.6898686359095,5.23226387334792,2328.443324346501,8.552745119021532,527.5491381917145,4.2595957695858555,508.9042565760761,2.8006003219755105,0.2767094397333218,1.1693518133808143
f85db852383bf3fd9cf2761c69a877aa1af43a80,RWE.XETRA,2023-01-25T15:07:00Z,True,0.23407770987644572,5494.838438942509,-0.5149836021773546,2013.1265716680637,-0.7022541970446161,1593.4353651743045,-0.5618024213061346,1139.831348242563,-0.023412920800258696,922.3665018321533,0.23407770987644572,0.09328985372628654,0.33879331658169143
75f77d9f9b10c94e4de0c7a5f41a3c4fecbf6779,RAA.XETRA,2023-01-12T15:01:00Z,True,7.0160608622147125,9874.193548387097,8.284023668639051,8095.890410958904,7.438715131022833,6441.052631578947,10.735418427726117,1514.688128772636,8.368554522400684,202.28912664842,7.0160608622147125,0.28230667573966034,1.0856333275856624
e418fe6e4a6b0bf156c4d773fd750b983294a1a5,RHM.XETRA,2023-01-06T13:06:00Z,True,-0.048172445621219584,7540.909090909091,-0.578040927416934,5706.50406504065,0.2890125157318124,7937.804878048781,-0.33719315017747276,1508.4097035040434,0.0,991.0719708472518,-0.048172445621219584,0.1268793567139985,0.33123166790716124
732e6e16db760b97e380b6797b7c488b3782e198,LPK.XETRA,2023-01-06T09:03:00Z,True,3.8235395905430902,23693.814432989693,5.000010294118673,5710.514541387025,4.41176513840833,1709.251968503937,4.901961264898169,1728.342541436464,8.13725569973096,1085.412935323383,3.8235395905430902,0.9014783174309152,1.2426377234890054
289abe83de5b548472cd13f0cbb83efa7fe1389c,RLFTF.US,2022-12-27T06:00:00Z,True,9.166972232407744,-52.119348457806325,9.166972232407744,-60.15384799753929,6.67022234074468,-54.70239338210975,11.50038334611152,-30.016979261745625,12.667088902963442,95.83052190769956,9.166972232407744,,
7af7359c81b38762e10f1c8f9a34cbb2fac74222,WAF.XETRA,2022-12-20T14:45:00Z,True,0.06905386644953104,-15.268817204301078,0.27623894646078284,-23.088455772113946,-0.2762499961843967,42.604856512141275,-1.0359115879017722,347.7632484514797,-1.104976504074917,590.9041095890411,0.06905386644953104,0.19816503265281038,0.5374094315240501
131b194bd271f6c7094a1118d98d22abb7ebd5fc,FIE.XETRA,2022-12-20T10:33:00Z,True,-1.0078415171377086,761.139896373057,-1.0078415171377086,425.22796352583583,-1.0078415171377086,114.23357664233578,-0.8958566378539534,129.40751445086707,-0.3919372790611053,-27.450628366247752,-1.0078415171377086,0.12923220216083284,0.26752438783606386
55c1adc751022d20b666e1f4a1f989b9fe49540d,EUZ.XETRA,2022-12-19T12:29:00Z,True,-0.20670317886103406,32900.0,-0.20670317886103406,32900.0,-0.20670317886103406,32900.0,-0.20670317886103406,115.68627450980391,-0.9094729038967908,490.2439024390244,-0.20670317886103406,0.11591441339834894,0.2723188244495916
be8e2be55aac6322da9a8c9888d22684c4518250,LHA.XETRA,2022-12-13T08:58:00Z,True,3.6005698743686088,3462.004269793024,4.170444242973703,3862.7123842237625,4.170444242973703,3939.0600599573686,3.79483227561197,2762.6545856965004,3.3156326900660504,1705.5011466530975,3.6005698743686088,0.13600958058088172,0.29173689953065046
c40ed4be4a25fe2fbdf74ed4dc527579be651f6f,PGN.XETRA,2022-12-01T14:58:00Z,True,13.871659186678919,4578.217821782178,28.36439510650002,8675.247524752476,24.22362820364974,13942.574257425742,18.01242608952922,16602.970297029704,22.153234400255585,18004.950495049507,13.871659186678919,,4.128612008009322
cca73cdb0b542567b108e8a88c7844cdcbba5bf8,EUZ.XETRA,2022-11-25T14:36:00Z,True,1.0771974865350087,3716.6389351081534,0.9874326750448859,3655.7844690966717,0.9874326750448859,2957.935483870968,0.359068222621195,2583.70288248337,-0.26930161579893364,1385.7723577235772,1.0771974865350087,0.11691388287786447,0.5267513565170087
4d56138550f8616a6cd0861aac305312dfaeb33c,F3C.XETRA,2022-11-18T11:40:00Z,True,3.694581462787272,899.4638069705094,2.463054308524848,575.5716004813478,2.709364665485947,405.34045393858474,2.9556651702298264,302.2270742358079,4.926108617049696,387.8802281368821,3.694581462787272,0.888098778858583,0.9355441679965382
2b3620c64d2c22a9f9bfc6963c80560918e01d3a,ADJ.XETRA,2022-11-18T11:02:00Z,True,2.6820579068058237,17350.0,3.8314839281506474,485366.6666666667,6.002558111467504,583262.5,5.363988099609274,952.2680833673886,5.491702101980911,176.2165423904142,2.6820579068058237,0.3849605505685446,1.1335466823426803
236f7b2f28ac041f6b21808373c049e49fee524f,IFX.XETRA,2022-11-14T14:36:00Z,True,3.796173180443674,649.9428531846362,3.813269624256832,1253.9795905068488,5.181258727129223,1151.2101799205545,7.284545392768305,977.8392923419523,5.591658877963712,597.585925270537,3.796173180443674,0.3296081793112103,1.0976421156739673
e39b0e7a2566f07a53ed6e260841c76f89774b95,NA9.XETRA,2022-11-14T08:47:00Z,True,3.171643775061339,2684.4961240310076,2.798507567108488,1200.9925558312655,2.6119441273113386,1504.6454767726161,2.4253797546783584,598.736176935229,2.0522435467255074,78.50843060959794,3.171643775061339,0.7156662523040783,0.6142383813869761
537f33310c020958e0dc2b60b310b812ed255b0c,ADN1.XETRA,2022-11-09T15:03:00Z,True,0.3890982376722363,0.0,0.3890982376722363,-40.0,0.3890982376722363,-53.84615384615385,0.5836556249905867,244.7058823529412,1.1673122227437993,184.42622950819674,0.3890982376722363,0.20345338133585358,0.2679664398841868
1cad2afa49ce442457cf0c96bc569680f5fe00e8,ADS.XETRA,2022-11-08T11:35:00Z,True,4.872885855806608,1823.4183018521915,4.025422034347126,2024.8441785091,3.689972699328603,1289.637127315293,2.8954793943410717,834.680387888383,3.1956241736515567,553.1938303551417,4.872885855806608,0.29098520459838473,0.4914358764144108
4513b3090b12a1ea1cdc4ed0151e5f5c1bae3bdb,DBK.XETRA,2022-11-07T09:52:00Z,True,-0.11171035056980472,-25.0,-0.09140768752871065,-11.218377435300964,0.12187691670493273,1.2669142507053088,0.5484461251722417,-8.662381061980696,-0.14218973615578445,-19.698647601973775,-0.11171035056980472,0.11180496930287796,0.2544732912413134
8b7ce10b7a9ab029600658b84019f7446c1c034d,ADS.XETRA,2022-11-04T14:43:00Z,True,1.7857142857142794,2.9274758081120122,1.1250017857142858,-19.858514733122266,2.0357125000000087,-16.168806747971843,3.125,-27.50767824042115,0.5714276785714345,-68.33929776363988,1.7857142857142794,2.6357360492348123,0.9171319041655304
16e95dee886c1fc1d4c320f5c62374ba24ebae4d,BVB.XETRA,2022-11-04T11:02:00Z,True,0.2735230507448172,-17.89745243469848,0.2735230507448172,-17.89745243469848,0.2735230507448172,-17.89745243469848,0.0,207.22347629796838,-0.2735230507448061,224.00748285179793,0.2735230507448172,0.25339322790989877,0.331981702823563
644d32490669def0d1d2f11014a271dc9620dc87,FIE.XETRA,2022-11-02T11:36:00Z,True,-5.159711143743506,16007.03125,-7.923838822977924,20296.875,-7.555285394493683,25805.46875,-9.766590609134184,34489.393939393936,-4.484032417566564,41870.37037037037,-5.159711143743506,0.10982377380238362,2.1117183092628014
ce6019acbb826979132e5e05fc83942970aa4e71,COK.XETRA,2022-10-31T14:38:00Z,True,-0.4009623095429071,1137.007874015748,1.1226904570970309,7220.454545454545,1.2830793905372895,1358.2818294190358,1.9246190858059453,1178.832716810522,2.1651924619085827,725.9094942324756,-0.4009623095429071,0.4500424168955411,0.8453061669341021
9a55729482a114e64ecfce1828740c3b5737a28b,NDA.XETRA,2022-10-28T08:04:00Z,True,-1.4488271323440438,9537.446808510638,-1.5721286177001526,3765.112540192926,-2.126999173566546,3292.152199762188,-2.6510451287474646,996.2671232876712,-2.126999173566546,283.0116696588869,-1.4488271323440438,0.3680311845973769,0.3726254910001563
0bd9b72914abf04da07206cce46a1801d1a3009b,NDA.XETRA,2022-10-28T07:24:00Z,True,-0.030975533741472994,-33.01115241635688,0.4335692097620081,-58.880090497737555,0.5884143606625258,-31.343683083511774,0.24774852512003953,-49.8180800447803,-1.7342861298500045,282.4731259343632,-0.030975533741472994,0.28390180447326585,0.8694662181338474
27a4cf5ccbe71c2d3a8008931bb2872e920177b0,S92.XETRA,2022-10-27T13:52:00Z,True,3.409619416385312,7829.061784897026,5.65156949209642,4061.0057708161585,10.929474799847604,4087.8606423516603,11.349839125404927,2223.7921234267155,9.80850326502809,927.8214259490419,3.409619416385312,0.46813485662547066,2.460343734968758
1ff5d58aa4e3a0c07f2ec4612f6b3d6a9e54b443,ADS.XETRA,2022-10-25T10:29:00Z,True,-0.5976075637688538,4137.348389795065,-0.9362569627862971,1548.3701846364258,-0.747011944750875,810.8384210844466,-0.5776912293058767,366.1569801071348,-0.6175328623751697,118.19463926906018,-0.5976075637688538,0.2588454708391793,0.38025447474599844
849ec7c40169e5844d856d9ec6068f980b32491d,MUV2.XETRA,2022-10-21T10:45:00Z,True,3.7142881632653113,3178.4380305602717,4.122451428571439,2644.0941176470587,4.040813469387761,847.7442702050663,2.77551142857142,1858.392194421166,4.326533061224502,541.3734222895066,3.7142881632653113,0.09591979646134463,0.5133362679247994
ded5b2c569ae20b2b854f37cb839de797fc3f5f8,GFT.XETRA,2022-10-20T11:00:00Z,True,3.0035336750365405,161472.72727272726,4.593643271860182,200336.36363636362,4.593643271860182,49648.936170212764,5.83039243216934,3555.874316939891,6.53710270449126,3115.0457190357442,3.0035336750365405,0.33921059429241707,0.9338104751052605
b2f99bddca0768faee59820e332642b14e950f89,LHA.XETRA,2022-10-17T15:12:00Z,True,0.9882925345902516,4699.69972910343,1.5204500532157494,2118.6600913839643,0.5017485175611958,1384.1628526015436,0.957868329025402,1089.4783755695898,0.6385738178500855,741.5740840691726,0.9882925345902516,0.12785746636566303,0.5044587108269112
e6f3f6a01f334dbcc5775b9eb5d84e5cb4780ca1,KBX.XETRA,2022-10-13T14:22:00Z,True,0.2716138524219147,483.8842975206612,0.2716138524219147,230.81902617506333,0.18107288365776242,315.05338078291817,0.3168832050701731,233.77416073245166,0.9506518786781326,216.91564147627415,0.2716138524219147,0.8186515052659117,0.3198770361099781
7938df892ba2d4b7418867d8e49f1d6c3586a9c3,BAS.XETRA,2022-10-12T12:07:00Z,True,1.0570071761048627,912.8516960294505,1.0570071761048627,862.9588106263709,1.318289848849874,1030.1316133530897,0.9263729656234121,858.2471758676338,-0.04749881460801575,-12.73546964492911,1.0570071761048627,0.14916841546946724,0.4835042379440984
aa71eb4b9254efaebf70a89964f499538f935b31,DHL.XETRA,2022-10-10T11:14:00Z,True,0.5959849622328983,6494.980158730159,0.941032024499111,2652.2100281917037,1.0978670356921905,2072.791333613799,1.4429140979584254,1020.603066941905,2.1173181341693104,613.875003530176,0.5959849622328983,0.22079820300501812,0.49527618302277043
1aa90d567ef4e05a4ef78df61fb2b48380dc89e0,HLAG.XETRA,2022-10-04T11:58:00Z,True,0.5838678560885047,1467.6470588235293,0.5307855823540208,415.8730158730159,0.7431051231514774,451.58730158730157,0.1592372670629505,21.636363636363633,-0.15922877449363604,-55.21877291615742,0.5838678560885047,0.33866666163476966,0.34452877629794454
dc94b1af98bd1ce66d0ffc91f84094562f46a36c,IVU.XETRA,2022-09-29T08:11:00Z,True,0.4769555228104627,-92.83919597989949,-0.47693962455800376,-66.5264423076923,-0.47693962455800376,-70.11802575107295,-0.47693962455800376,-70.11802575107295,-0.47693962455800376,-74.296262113521,0.4769555228104627,0.30226671041816605,0.6745056736278728
d5e6bbb2b44e9db1846a6ad1e590245d6318197e,SAX.XETRA,2022-09-28T08:56:00Z,True,-0.05770340616569891,1194.9843260188088,-0.46162436415534414,450.9237875288684,-0.3462175518239352,133.57693869265125,0.1154096975017227,172.98059964726633,0.5193335406616928,139.66080915406621,-0.05770340616569891,0.23115765233190042,0.4173496471191653
5a15dec85245ade050bf3cbde6b379b4c01c7e3d,VBK.XETRA,2022-09-23T15:10:00Z,True,0.0,4110.981308411215,0.1824854047898894,4680.588235294117,-0.2737189830970599,2483.174386920981,-0.3649653351271098,732.887383573243,1.186133233323594,455.5789473684211,0.0,0.21085654417428717,0.2296874488120721
b86b3a0db4597e1bdc5c713522c523a87d2f797e,JUN3.XETRA,2022-09-23T13:44:00Z,True,10.767697446046732,2753.9260220635947,5.982059121737748,2388.601355514479,6.181455941249037,2609.732120914229,7.676974460467312,2878.297872340426,7.477567670865781,1809.3137693477677,10.767697446046732,0.27941426567940103,1.280829705213458
aa3f493d722570e5999669476809780cd26272b8,SIX2.XETRA,2022-09-14T09:35:00Z,True,3.1124478536636024,1673.6986301369864,3.212856490218008,1674.8411689961881,3.714864532426998,1474.4704570791528,3.514056295462975,371.7866323907455,3.4136566950533576,353.0506721820062,3.1124478536636024,0.16234885143453476,0.18044994211378354
bd6a4c66a11434ca77d683a45b0561a934f9f347,LHA.XETRA,2022-09-14T09:30:00Z,True,0.11475411717281059,-64.87050309892317,0.06559017468690254,-66.73680391801197,0.21311478903520698,-66.37549056842637,0.08198361999731674,-71.62569367952531,-0.32786890620802867,-58.662850319269666,0.11475411717281059,0.40235381884780486,0.16507950948641087
80edb276ee85d21caed7a975995f86cdafd0accc,ADE.XETRA,2022-09-14T09:14:00Z,True,-2.4725320512820503,18596.875,-1.1904807692307617,22881.25,-0.8241804029304078,27771.875,1.1904761904762085,15871.666666666666,1.3736217948717933,369.74050046339204,-2.4725320512820503,0.45327196300205513,1.5619015380316439
37de282c1a617441d60c218e93d4b672d8876691,PSM.XETRA,2022-09-13T07:27:00Z,True,1.973360068344454,268.73254661742186,1.2045106617773804,373.48710687136685,1.7170812041364947,321.6077828981055,2.0246030272428106,228.73647938970683,2.7165559606043166,197.9754980014948,1.973360068344454,0.3151391238111277,0.36340858447997226
440ccd80e177b37dc599ef1881ea81fdcf1545f5,FYB.XETRA,2022-08-26T14:05:00Z,True,1.3801845109252087,252.0,1.3801845109252087,1290.0,1.129237195946664,2756.0,0.3764165809995834,34.941763727121455,-0.2509360226316648,872.2965562623383,1.3801845109252087,0.4812892479694903,0.6395494987100812
13f0db503a1d163b2a4aa12d81ea54345cd940f2,ADS.XETRA,2022-08-22T11:45:00Z,True,-0.6076357962256473,891.8666666666667,-0.6820473794896809,568.0342651036971,-0.7812462894499772,222.7613806903452,-0.6572402115233245,356.4973262032086,-0.5952325222623123,267.4399284253579,-0.6076357962256473,0.1068598923451359,0.06551781668700903
4994ff2eb2770433d0374740a266413ffd2a435f,G24.XETRA,2022-08-04T07:24:00Z,True,3.6652818118948716,5437.5,4.183952282157666,3829.119850187266,4.7717807745504714,3379.2792792792798,4.840938796680505,2415.157639450283,4.5297354771784315,1112.839985870717,3.6652818118948716,0.16229898455115735,0.3692595506624135
51acef5ab544ba3da0add992724d478c409c95a4,1COV.F,2022-07-29T15:40:00Z,True,-2.119408369408382,50.0,-4.446248196248204,573.3333333333334,-4.9422799422799475,1240.0,-4.9422799422799475,1240.0,-6.262025012025019,1240.0,-2.119408369408382,,1.5712900189636696
fb057841b2e91b9f1a55a2a38a1aab22f7fa7ca7,HLAG.XETRA,2022-07-28T08:18:00Z,True,4.611330607154196,3134.7826086956525,5.467722553338827,524.132730015083,5.204211688981308,425.62358276643994,5.928853637769693,403.13868613138686,5.270092122461945,102.10843373493974,4.611330607154196,0.32465675294465957,0.4547824491495673
b859134f307e6a08f1239ab101dc14e305cca92f,RWE.XETRA,2022-07-27T14:08:00Z,True,3.848162303664915,20533.40732519423,2.8534031413612437,15239.892984542212,2.1465968586387385,8024.028629856851,2.984293193717269,2240.6923579359895,2.4869136125654556,786.0486899216378,3.848162303664915,0.10323301014115271,0.4245943574880408
f32d3d02e97e359e3f91423b3f8ee12f8b0a6d63,EUZ.XETRA,2022-07-27T10:53:00Z,True,1.3305961788486087,1594.0972222222222,1.1770700824700553,1950.173611111111,0.5629426672737248,1555.6167400881059,1.688843354942593,1273.8167170191339,3.7359236505648985,1400.6451612903224,1.3305961788486087,0.1584357312774997,1.0089412140799274
afec95a377b0c533288eb73b0f8ecfa4206ab9ed,RHM.XETRA,2022-07-27T10:07:00Z,True,-1.1468553846153862,9920.786516853932,-5.342659580419584,6415.066469719351,-2.433570349650349,6804.338153503893,-0.7552486713286788,4170.95115681234,0.5594405594405494,2207.4973375931845,-1.1468553846153862,0.23022367458973922,1.8220031109084003
af91b48dac14565bc5ab4b862a5ce3a1aa4a5108,WAF.XETRA,2022-07-26T11:48:00Z,True,-0.14114044152830907,3730.0970873786405,-0.0705645750335715,4029.807692307692,0.21171771945569517,4361.538461538461,0.0,828.7907869481766,-0.21171771945568407,508.27300930713545,-0.14114044152830907,0.19043964612646994,0.14591538976296953
30730bfc71c5fc5d672cfe52bfa99fe393306115,BC8.XETRA,2022-07-25T07:53:00Z,True,3.6372770901742735,7876.923076923077,4.268749684263695,3419.3595342066956,3.814089416519306,4142.28855721393,4.470825966153069,1702.240663900415,5.506441020459718,733.3931281909756,3.6372770901742735,0.2487650738245125,0.5302610801108976
b927740472319ba012cde0eed95a4378c329b34d,DHER.XETRA,2022-07-22T07:57:00Z,True,4.758421297179627,3998.607061872368,10.126896293970145,8356.059907834102,13.933624058897621,5187.6278802944835,16.03221122577383,2267.957950309121,15.226945222717081,1546.7584290945827,4.758421297179627,0.5085916575424312,3.482424927298391
f4e582e0066526281cc8c1a64eb291eb73eea72d,RLFTF.US,2022-07-21T04:45:00Z,True,-12.06434316353887,872.1916666666667,-12.06434316353887,954.6166666666667,-12.06434316353887,954.6166666666667,-14.209115281501338,772.9142857142857,-13.351206434316353,878.4214285714287,-12.06434316353887,,
950fc13fed9cb5b1a706af82bd00cbfafa7133a8,HFG.XETRA,2022-07-20T13:35:00Z,True,-6.436918256906865,1204.3724535426811,-8.77243520364569,983.6028793119565,-13.244092851039591,1318.6156204551708,-14.383369410424374,2565.4318532146585,-18.370837368271154,2344.4904125836606,-6.436918256906865,0.2925462411557161,4.293577158218079
b7b483843f2d925a1bc70a3c8dd9d47f500927c1,CON.XETRA,2022-07-20T08:30:00Z,True,1.014085915492946,4334.387351778656,1.6056323943661965,3205.722670579604,1.3239464788732391,2236.3067292644755,2.2253535211267605,969.0206031651239,2.056336619718313,436.2420382165605,1.014085915492946,0.5025859858380091,0.518913676440445
6cb4ff815f59b2634e17532147dcf7290812f765,LHA.XETRA,2022-07-15T13:23:00Z,True,5.733453856749304,25750.886917960088,6.921487603305798,18818.115694965338,6.2672004132231285,17409.39786652561,3.9428374655647414,4246.986644973223,5.061983471074383,1472.7855850841797,5.733453856749304,0.17066949530206899,0.8301764005571912
22415b0d0cf728ce48d066d70c1a749424d65b1a,CBK.XETRA,2022-07-15T13:02:00Z,True,0.6275976290097685,1020.4850702690077,0.10460251046024993,852.1495962156653,0.3835251046025112,650.6522342492367,0.4184100418409997,82.01162828893342,1.4644351464435212,56.8065493560173,0.6275976290097685,0.3076506225268179,0.4002992688680822
adf923a7d364489a7159e8b6c0841cd137a5146b,AEIN.XETRA,2022-07-13T15:16:00Z,True,3.3043478260869508,2063.063063063063,2.4347826086956514,365.7162726008345,4.695652173913056,65.80836840802178,6.08695652173914,69.78187919463087,8.869561739130427,28.402414486921536,3.3043478260869508,1.421687096710329,0.5977233991433201
b5bd4e817cafb07445448196563d74796424b66f,SZG.XETRA,2022-07-13T14:21:00Z,True,0.09166361556662839,-58.49509269356597,0.8249358764865322,-42.92993630573248,1.008253941716486,-13.37333075285465,1.9248396849147476,13.948588284871466,3.0247480762946033,99.62980101804719,0.09166361556662839,0.47684620668379774,1.0168235888108204
e206bc0e67120f898e06d35e2233418543d94f8f,BFSA.XETRA,2022-07-12T12:03:00Z,True,0.0,-95.8041958041958,0.09362593413797526,-94.40323668240053,0.6554283554440765,93.15576534052596,0.7958801311825692,93.11959654178675,1.544943784060293,141.76739188826218,0.0,0.34402118755204036,0.47978252293316037
797817f32e497f328283cd99bf3e964de9481e53,ZIL2.XETRA,2022-07-08T14:28:00Z,True,-0.0655307994757548,3301.310615989515,0.3931716906946381,2172.2993827160494,-0.3931979030144084,1679.3085917641079,-0.7863695937090354,831.0833333333333,-0.7208519003931824,525.7515144587953,-0.0655307994757548,0.2493672828815773,0.5214400594730328
0f14b9421f65a7124f2e9e468480135318715a7b,COK.XETRA,2022-07-05T12:25:00Z,True,-0.7863695937090354,-56.96361355081556,-1.3106159895150626,139.963167587477,-0.6553112712975095,181.05456774984674,-0.7208420707732643,-32.56680506760353,-1.0484927916120546,6.02494467913901,-0.7863695937090354,0.5955911381999818,0.23883296797123718
9f07ef0b1606ae0431841c6ca99458e9d94f5056,FIE.XETRA,2022-07-04T11:34:00Z,True,-2.4317405624628696,34005.26315789473,-2.7303817676966324,26341.176470588238,-4.820825409112084,19795.5223880597,-8.276452468505703,28880.419580419577,-10.452222473288774,15931.017369727047,-2.4317405624628696,0.1368572379826798,3.214964931921824
7ecf90e86090aa776f24fe85bd1dd97c73460493,NB2.XETRA,2022-06-30T12:15:00Z,True,-3.0275230746570236,925.6410256410257,-3.0275230746570236,192.7710843373494,-1.559633099065738,454.8192771084337,-1.3761422649606558,532.4414715719064,-2.293578086861381,780.952380952381,-3.0275230746570236,0.44720152401390945,0.6445471099935245
bb9f26b8785a3956cd52acac2e224cb1bf18a17a,VBK.XETRA,2022-06-28T11:31:00Z,True,2.2241254159163892,5786.860465116279,3.0795595842412204,3562.8002343292324,2.865697299644876,3701.581920903955,4.747649903663365,3684.5707175445873,3.3361870545845607,1457.2957339117859,2.2241254159163892,0.2118318608214615,0.7451859663635053
45b9da7ddd9e2af811c840165bee5c946cd408d5,SZG.XETRA,2022-06-22T13:51:00Z,True,10.904680936995149,6295.549295774648,8.88529483037155,5203.885929175807,9.693049273020993,2922.0755296284924,6.4620355411954655,2019.2263849836613,5.49273021001615,6895.642949547219,10.904680936995149,0.4828518731317095,1.8630304084585596
6296fa8262fac19e3882dbb538719e215ab7c0f7,FTK.XETRA,2022-06-21T08:50:00Z,True,0.7650493255486168,3347.9092648264555,-1.4093114556070097,1406.2546537602384,-2.0535635192268975,829.8943874471938,-2.3354237970605873,433.03527972076597,0.4831890477149159,241.03877924290344,0.7650493255486168,0.6860344228464055,1.1152623856999204
d03ab5cd8b3d6022daf2507c44614b44e2ebe8b4,SZU.XETRA,2022-06-15T10:24:00Z,True,1.704113222626913,4569.313063063063,1.0069714180458211,347.9288912070239,0.619674718797425,409.1977780648495,0.6971418045810918,256.030089784033,1.859024156392275,123.85897786280404,1.704113222626913,0.10971291551391545,0.5034718522530809
f7f58f163cad33f8f452ec937c823d9d3c32c235,IXX.XETRA,2022-06-14T15:16:00Z,True,1.6627079174683201,115.09433962264151,2.137772073053301,250.67385444743934,5.225653454900403,250.67385444743934,5.93824256238682,423.0563002680965,5.463187907989919,985.5227882037534,1.6627079174683201,0.8348368531051025,0.32965681526209434
6ed0a329a4b38ca83156ef278369263eb097196e,WAC.XETRA,2022-06-14T14:33:00Z,True,0.8757525998905225,5663.235294117647,0.49261083743841194,5390.7780979827085,0.547345374931596,1100.768775872265,0.6568089764641405,499.2323439099284,1.258894362342633,351.66959578207377,0.8757525998905225,0.4294252590368109,0.15253365318154463
b89b907d0c7f7cbb2f176268dfd96acc90d0e3fd,BNR.XETRA,2022-06-13T12:57:00Z,True,3.2116729927007315,1782.0512820512822,1.693435036496349,5331.964624131396,1.8394189781021808,3584.172661870504,1.8978145985401484,2630.86592178771,2.656932846715332,977.9092309986579,3.2116729927007315,0.06386260754527216,0.4252903933464916
1b9136f4f4d53416340feb5a0ac1c98ea043fd67,C3RY.XETRA,2022-06-09T14:29:00Z,True,0.8771929824561431,36532.20338983051,3.50877192982455,2657.8172900061313,2.756879699248116,4651.1955855303495,3.383458646616533,2612.0751988430948,3.1328195488721677,2097.0735405610308,0.8771929824561431,0.6162449312721707,0.8975698262933823
bf70d84da52cb553e256e5179ff2b5ca3a8ec756,OEWA.XETRA,2022-05-25T09:45:00Z,True,2.299524682799836,1834.7826086956522,2.299524682799836,1834.7826086956522,3.419802945054129,2669.5652173913045,4.95282647572548,4291.304347826087,4.127358344551002,4943.478260869565,2.299524682799836,,1.2384521513265583
3d62b23a6000200cf536acd81eb914b86cbe174a,ENR.XETRA,2022-05-18T07:12:00Z,True,-0.9581824017527607,54.522664483781845,0.5226481139749106,177.40032061120777,1.5969861554579579,404.2161232498425,1.7421661871176441,272.81583299299,1.7421661871176441,263.113137266845,-0.9581824017527607,1.3263433953290114,0.797903996560241
bf485cb1dfd2d981117a84fb8113ff59f9e81bd1,ALV.XETRA,2022-05-17T14:29:00Z,True,-0.024815880893303,127.01576136511656,-0.1240694789081842,131.16334873800213,0.02481538461538424,7.289978390059426,0.14888486352357955,-12.685661913362267,0.5210933002481433,-0.504973427176103,-0.024815880893303,0.23349405221046493,0.21387000760302086
1da7433968fa8464aad290d3f9e1be450240daaa,ADJ.XETRA,2022-05-17T12:18:00Z,True,-7.6382791922739335,20234.48818897638,-8.691852502194909,23218.916797488226,-10.623353819139602,23285.931034482757,-10.008779631255493,7168.945163747144,-9.745408252853382,2608.0752625126593,-7.6382791922739335,0.9850590176139807,1.029668523729922
736df0ef2cb08074f04ff06367cc2601c9bc73e0,PBB.XETRA,2022-05-16T09:49:00Z,True,-0.2678482382007408,7812.314049586777,-0.3571428890306261,1848.090015128593,-0.44642861128827427,1272.6329612606698,-0.2678482382007408,476.1376192867906,-0.5357054049736965,206.03723337436875,-0.2678482382007408,0.11182705494746864,0.15247868758385522
8603a97170be35251b92009b1f0b71aecf90af6a,GBF.XETRA,2022-05-13T12:35:00Z,True,0.9601218966071468,1101.4423076923076,0.8124077109456174,702.5641025641025,1.2555428824055692,273.77816798361135,0.8124077109456174,262.3504721930745,1.7725259147904682,228.12670671764064,0.9601218966071468,0.25345337733169654,0.37769670095295765
27f4a45ed58b500a0dbe89fa6504db60cfb35934,PAT.XETRA,2022-05-11T10:50:00Z,True,-0.5174644243208237,78355.55555555555,-0.646836998706346,62533.333333333336,-0.646836998706346,3897.872340425532,-1.8111254851228997,4789.320388349514,-3.2341526520051733,4310.843373493976,-0.5174644243208237,0.1625282103042699,1.1775601586415694
3a7496c86b125e2d48548d90c174e801fba5e9d0,EVT.XETRA,2022-05-10T14:29:00Z,True,2.6015519215678573,4381.610833927299,2.6928390092578303,4818.483412322275,4.062072298588415,1556.8145195488087,4.746695789442978,1015.0966183574878,9.99544089436062,950.8211577584613,2.6015519215678573,0.3285071342152322,2.71648292143826
4bc67b502a092306682529f508405b2922b33f48,BVB.XETRA,2022-05-10T14:28:00Z,True,-0.3178230932203263,200.5586592178771,-0.4237552966101621,-80.28776978417265,-0.47672139830508,-42.531024973188295,-0.9533898305084665,-25.726933425917885,-0.7415519067796583,37.439988703756,-0.3178230932203263,0.731758403060792,0.49604817724423167
47dac465bc2c40ead483f6ac1573abbdeef6bc9d,HBH.XETRA,2022-05-09T09:03:00Z,True,0.3805918245593176,97.50000000000001,0.3805918245593176,-62.45353159851301,0.09514557745282648,-81.38651471984805,0.0,-74.86583184257603,0.2854452956317033,-53.78205128205128,0.3805918245593176,0.37189338519947135,0.1887498518838249
b31fe4eb9f18fa14b84978c40aa2bc04fae2e877,VBK.XETRA,2022-04-29T08:21:00Z,True,5.439645467649634,16.716785128485512,7.898663424699359,22.36331308341977,5.588673788037957,47.89635105379051,2.4590194473627314,44.67353293413174,-0.819664704013845,21.963738003363996,5.439645467649634,2.4504143536051313,2.580560346859883
3669e6cc07c3b64c3bd638922888153ecbe4550c,HLAG.XETRA,2022-04-28T13:55:00Z,True,-0.3550334319526671,120.26143790849675,0.71005710059171,290.5263157894737,0.9467491124260485,231.0435931307794,1.183431952662728,170.58823529411765,2.189347041420109,176.78825201326384,-0.3550334319526671,0.621408636704024,0.6634592064093331
11c75bf27535217383a18b35ccdbc0f6c0539434,HFG.XETRA,2022-04-27T15:12:00Z,True,10.258783433727148,1139.4623833512262,14.017249353581306,947.8868472916209,11.768327534452471,952.0292629120165,23.35182142180594,710.1301558203483,15.834871097808701,501.77544372655046,10.258783433727148,0.3259662718586108,1.6884513563886712
f521bec5c5ca453f36bf7dc510c55745446b44f7,ST5.XETRA,2022-04-26T14:48:00Z,True,0.5341880456023018,-9.565217391304348,-0.10683547236828295,-65.09572901325478,-0.32050748548092534,-25.86206896551724,-0.42735257323403,4.336734693877542,-0.10683547236828295,109.87066031313817,0.5341880456023018,0.3041368605998952,0.36181252515247136
30f8b746dabc151ed171849c164f736beb57d399,AEIN.XETRA,2022-04-25T14:47:00Z,True,0.32931065486960787,87.58169934640523,-0.21953677759685153,65.72769953051643,0.0,-24.329896907216497,-0.5488474324664594,125.29411764705883,-0.10976729110355743,371.78538390379276,0.32931065486960787,0.33374337601263027,0.30111198767464925
9eb3b11a5105031f0f14dbb21bc7859fd49a7c65,NDA.XETRA,2022-04-21T11:17:00Z,True,2.3946749445676208,4692.405063291139,3.813749889135254,1872.2846441947568,3.104212860310418,1291.7374517374517,5.587585809312645,1119.9244245963587,5.365856319290474,1029.5886689949552,2.3946749445676208,0.20967612426123372,1.0577706563595162
3563c7cfa01a1425319d5339ceaba6fb4749cb91,EVK.XETRA,2022-04-21T10:58:00Z,True,1.3178295084430136,10606.371681415929,1.4341124586865428,1157.5946733250105,0.5813992473410634,1100.21334958854,0.5038798644914744,971.6862927083937,0.5813992473410634,664.749018797769,1.3178295084430136,0.12415731738593526,0.3070945254633898
c1d3fef1157b2594df8357c0bbf8c4f39cf87346,CON.XETRA,2022-04-21T08:44:00Z,True,-0.7140791324891427,11330.11937557392,0.47604730026709063,6110.103435537496,1.398396289818571,2406.398716070058,2.558763722719992,1612.2413002855833,1.9934483488032173,801.2774268747933,-0.7140791324891427,0.5287638386559859,1.1358576077276674
70ef5882617a1ebc825b95e3e260abc0264d9bd8,DEQ.XETRA,2022-04-20T14:28:00Z,True,0.5168023589665616,1741.0,0.904392823281186,80.26921714488134,0.4522028715893356,133.40417995040735,0.4522028715893356,47.90123456790123,0.06459948737722598,-88.86582627289238,0.5168023589665616,0.7937697567674127,0.3157483937611459
9e148b7d5f144d7a373a2ec183491724e9ff7759,NA9.XETRA,2022-04-20T09:55:00Z,True,3.6927623770261153,412100.0,3.397346556731362,248750.0,3.397346556731362,252750.0,2.8065016221972883,4669.444444444444,3.397346556731362,1538.976377952756,3.6927623770261153,0.10984273595359777,0.3606318653063133
c66162d9481dda07911349332d6ad7f6873be4cf,SZU.XETRA,2022-04-14T12:05:00Z,True,3.1553481517271997,638.4024415912439,2.5080989084222294,717.8593980214691,2.6699031286329333,812.6306178350411,3.398058527351022,881.4345084551449,2.912629685487844,154.20857223423252,3.1553481517271997,0.4039855383644091,0.23311413697159744
b79430ea6b9ba16b263bc58902ab8ed8032a1701,VOW3.XETRA,2022-04-14T07:59:00Z,True,0.5559205603208106,2245.837016086265,0.9265347084102649,1338.3840341019181,0.14559959713038584,1324.3657630601438,-1.0191985035394313,570.7054883318929,-1.1780270875700771,372.74289900811544,0.5559205603208106,0.24641094279067685,0.8645057289898108
b94f7477df1804229e4e99290061a2cc5c310e82,SDF.XETRA,2022-04-13T09:09:00Z,True,-0.901439357057654,713.3889602053916,-0.8713852687130541,792.5595415746434,1.4122657098717406,776.4418243305,1.5324580247871422,430.02356936206337,2.3738012243871065,278.38931898306913,-0.901439357057654,0.3736155262810645,1.1048123843660074
b65f04ecdc7cb8aca77abb73988de6127ed1d179,BAS.XETRA,2022-04-11T14:05:00Z,True,3.204250175122869,600.8736625110436,2.673483494141271,402.338701039026,2.2803224800598487,378.26137668676427,1.1205032876156151,222.34510309166922,1.0811873827869967,135.62158436071138,3.204250175122869,0.13567231163650742,0.7186826948385462
aed636884d505e4c5c4ead7be63e3bb879f92d00,BEI.XETRA,2022-04-08T09:31:00Z,True,1.6073183639679023,17418.96024464832,1.3021342430681315,6187.550854353132,1.1393641564792167,5782.053072625698,0.020341810162505247,2666.8115942028985,-1.0579867428895273,1515.2095280105868,1.6073183639679023,0.21338480141956845,1.1357393328214858
e31d3b57342a854f89ecd97d0244143fb3a4b5b9,IVU.XETRA,2022-04-08T08:03:00Z,True,0.6472437971952516,19785.714285714286,0.2157443365695899,32142.857142857145,0.0,35714.28571428572,0.4314994606256839,1388.888888888889,0.3236245954692629,129.98379254457052,0.6472437971952516,0.30755969235120156,0.2983314177030681
2802ca45978816e5c5829f526b1b2fe465a5795c,KCO.XETRA,2022-04-07T12:11:00Z,True,2.3508047016274736,19523.569023569024,2.9837251356238603,1796.0680362270818,4.159132007233257,3335.151006711409,2.6220614828209587,3837.2567722243416,2.2603978300180794,1482.0874065554915,2.3508047016274736,0.21958123922489917,0.8444477649850094
cf843c495360903ba2c0254d743fd438cdfca438,SZU.XETRA,2022-04-04T13:41:00Z,True,-0.5972781569965946,6534.623217922606,-1.6211689419795228,4797.110849056604,-0.8532508532423266,2270.344673231871,-0.7679180887371961,1827.8746097814774,0.5972610921501698,1817.279894875164,-0.5972781569965946,0.15239833173890951,0.8807244541140307
ea0a869753d6ee60bdeff95f2bb6cfcbfecdcd43,RLFTF.US,2022-03-31T05:00:00Z,True,-5.831424194296475,7699.827077611637,-5.831424194296475,1379.4254403735217,-5.831424194296475,1379.4254403735217,-1.756876414285513,1547.033552433733,-2.092791184696907,829.9169808929307,-5.831424194296475,,
3ad24f92daa9e325113fe39594e3b45f28dd3488,DBK.XETRA,2022-03-28T08:26:00Z,True,-0.48969102412116383,-7.201074624698212,-0.47280483559648534,-0.07202121991064514,-0.47280483559648534,15.243142455454617,-0.1857480737713746,-4.5230048731092936,0.06755319719293773,0.9493749564906118,-0.48969102412116383,0.36222708749524735,0.1624587453705134
afa8224e217e9a4070e59e7d9551b83bce55eacf,BSL.XETRA,2022-03-25T14:26:00Z,True,-0.7299224585752273,140.9090909090909,-0.3649653351271098,481.8181818181818,-0.7299224585752273,1031.8181818181818,-0.7299224585752273,199.13793103448273,-2.0072965694762135,-8.662280701754387,-0.7299224585752273,0.517367513690595,0.5394551076539942
0ac863bf37ee4750947d463fd7be081471cc27fd,JUN3.XETRA,2022-03-24T10:46:00Z,True,-1.0884354111712735,8140.233236151603,-1.6326497153962505,5272.580645161291,-1.2925136494052358,436.463891853433,-1.6326497153962505,205.15719527918276,-2.3809490605765093,152.58688395837424,-1.0884354111712735,0.6363519070952733,1.4130545190784238
9dfa84478faf6880d8f17aa148ab3ffb23eadc2a,WAC.XETRA,2022-03-24T09:49:00Z,True,2.254283137962121,1270.188679245283,1.7132506762849387,1089.8016997167138,0.9918800721370635,430.0228310502283,0.36068530207395977,193.30831769856158,-0.36068530207393756,85.31946508172364,2.254283137962121,0.13039900695076015,0.926436542287879
9800bd197281f9e9d8e088b3da3e0c3af67e32b5,HBH.XETRA,2022-03-21T14:19:00Z,True,1.42497649392348,55046.66666666667,1.6764458924615422,19585.714285714286,1.8440879670388544,17269.11764705882,3.1852430045621993,3787.394957983193,3.688175095854773,2927.7972027972028,1.42497649392348,0.2990348880081799,0.7805710431954438
558a939da3c7a3ae31b8519d82613719b9d85105,HAG.XETRA,2022-03-16T15:19:00Z,True,0.43478260869564966,484.58254269449714,0.21738695652173678,741.1218568665378,0.0,493.33333333333337,-0.4347869565217377,-48.40116279069767,0.43478260869564966,-48.17171287476649,0.43478260869564966,0.7960627865847832,0.36333472385730836
436169cb4a1f26b7f2380922d93fcb5b549f74b2,TTK.XETRA,2022-03-15T15:12:00Z,True,1.0680975345859656,295.14237855946396,0.26702939032239303,2194.0993788819874,0.26702939032239303,2254.3478260869565,0.40053407213178627,2343.0124223602484,-0.2670227147545168,2535.8695652173915,1.0680975345859656,0.18906599691257533,0.40533946682181976
fe68420dd2137538a27083dfb2f2b4b537761313,KBX.XETRA,2022-03-11T14:36:00Z,True,-0.6760619718309768,4110.300703774792,-1.070426760563381,3005.8784456991034,-2.25351971830986,2353.219837157661,-4.929577464788737,2280.4520155169507,-4.816900000000002,1360.3831417624522,-0.6760619718309768,0.3618902820815806,1.691799921133256
16b4205895931263dc9ad95c63b97c7e235eb201,ST5.XETRA,2022-03-10T14:59:00Z,True,0.4535170273703981,-90.74074074074075,0.4535170273703981,-90.74074074074075,0.22676304883280096,-79.04191616766467,0.0,-5.925925925925924,-1.1337868994914735,-31.925465838509314,0.4535170273703981,0.3102727795881778,0.5498133196459003
a7cd90b648e4c84052bd6d2bf4ea3fe85d631dc1,WSU.XETRA,2022-03-10T13:59:00Z,True,1.1173184357541999,20664.0,1.1173184357541999,20664.0,1.1173184357541999,21712.0,1.0055865921787754,1012.8060263653484,2.0111754189944264,1008.3333333333334,1.1173184357541999,0.22371476635187265,0.4151550359378713
aacb691c520d945c9f7b24346a53954b7c1b0f6a,AEIN.XETRA,2022-03-10T13:22:00Z,True,3.9270630034484277,9518.666666666666,3.786813358013652,12696.0,4.067312648883226,8230.612244897959,3.786813358013652,2688.5122410546137,3.9270630034484277,1391.4703493095044,3.9270630034484277,0.3609088581158004,0.2564872093360459
6a29e3b9cf83b533b3c1146bc0a4651811c5acaa,YSN.XETRA,2022-03-08T16:21:00Z,True,-0.3694581280788145,169.11764705882354,2.586206896551735,35.555555555555564,1.724137931034475,88.91509433962264,0.738916256157629,182.7956989247312,1.6009852216748666,74.02214022140221,-0.3694581280788145,0.26256245856602267,
f895fa8155758e95a9fabb9c56d157fdcce25e18,DBAN.XETRA,2022-03-08T12:59:00Z,True,-1.6216252252252317,1554.75,-2.1621657657657667,1691.6666666666667,-2.5225261261261234,803.7234042553191,-4.684684684684692,224.74820143884892,-3.423427027027026,244.04793608521967,-1.6216252252252317,0.9294914328908283,0.9091597609318864
0be37f6e5dbe814f0bebbf8ecf8a232690a37b87,RAW.XETRA,2022-03-01T16:23:00Z,True,0.0,944.0,0.0,514.1176470588235,-6.463595839524528,508.88888888888886,-6.240720653789012,2118.3673469387754,-6.017838038632995,547.0571010248901,0.0,0.49722236689860805,
e47ac73134a0dfa844589fb2c501a23e26eac218,HLAG.XETRA,2022-02-25T11:35:00Z,True,0.5481574151805058,435.3535353535354,0.5481574151805058,228.19148936170214,0.23492835412881607,233.7037037037037,1.0180137318954507,241.3716814159292,0.23492835412881607,194.5549738219895,0.5481574151805058,0.33777111724535464,0.3195123072099665
438b43ac4f2645ff88d2aa1e3a1301d905f5efb8,RHM.XETRA,2022-02-25T10:51:00Z,True,0.38406336645162575,2.5718961889174663,0.38406336645162575,-22.713148184113418,0.240038403840237,-48.51300225085006,0.09601440138247153,-53.444206597508106,0.4800768076804962,-29.733782645324347,0.38406336645162575,0.2766800841027621,0.22657131724463847
aefe7914a1b2fd93b36dcf3942b3ae0ba1efdf02,HLE.XETRA,2022-02-25T10:44:00Z,True,0.0,1400.0,0.06442815617866415,57000.0,0.06442815617866415,1486.111111111111,0.16108086080732775,161.0344827586207,0.22551546028486413,2.0853080568720372,0.0,0.03946400088167467,0.10590882343294564
09446b9655ce0bca8aa168fbdf7dfb90cdd73e71,BVB.XETRA,2022-02-25T09:02:00Z,True,-0.2503756260329615,-81.27599377564012,-0.7511268780988734,-78.9753122931542,-0.4506510892967164,-76.20882348922682,-0.5007512520659119,-73.56061788110469,-0.5508263772725064,-66.52944795570221,-0.2503756260329615,0.6531590009946767,0.18029603690024476
63ba6d409393d9e3951c25490fd63ba28a61d8ce,IBU.XETRA,2022-02-23T08:14:00Z,True,-0.5602240896358635,60.873440285204985,-1.9607843137254943,153.3868092691622,-1.1204509803921625,119.49924127465859,0.8403361344537785,96.31551634665283,1.96078711484593,82.69014612214312,-0.5602240896358635,,1.3615674703523195
787d8a7ae5b4e28aa87b108f3dd921de6841fecc,MUV2.XETRA,2022-02-22T12:25:00Z,True,0.1950838959660084,145.68880079286424,0.0975419479830153,492.8010059729645,0.31214164673367684,323.5985533453888,0.44870271491666003,134.9688473520249,0.23410301616597629,169.06200955020537,0.1950838959660084,0.15005495224266344,0.1281277659990479
cebc6c1ae21952bdf711fe5f8fc7e611c486e664,PAH3.XETRA,2022-02-22T08:55:00Z,True,-0.9792977965724536,10.555928119210268,-1.0460738927219992,-47.09172129270631,-1.580233696861777,-39.84478490667024,-0.2893411974182025,-3.4041735342251966,-0.48965279323390787,38.01640244287567,-0.9792977965724536,4.45504678074743,0.8140671206075258
8ae29c05fcae8edc4548ed77464601b3dd6f6e1d,VOW3.XETRA,2022-02-22T08:42:00Z,True,8.921714447810714,1018.3611656843484,10.538556932202447,1107.8110645544377,11.410954269966812,948.5469324128717,10.561826095593506,732.4907306589239,11.201578327305128,621.1944891190174,8.921714447810714,0.6383158041754246,0.6401550632153646
2d6b962d8c4d98fcadf1899ca3f38d145551a310,BVB.XETRA,2022-02-18T10:58:00Z,True,0.0,-39.24050632911392,-0.4281637555099249,125.33795493934142,-0.38056621802240453,181.69844020797225,-0.4757137192468286,196.67244367417678,-0.19027121557354532,251.8612716763006,0.0,0.14095099707627443,0.16623862835680195
f3e6d6720a79ab030e19038783f9beb99f91762f,KCO.XETRA,2022-02-17T10:24:00Z,True,3.7453089887640623,9153.467741935483,4.681647940074907,10622.001471670346,4.962546816479407,10743.49593495935,10.299616104868914,12050.847457627118,10.393249063670407,8218.926155580608,3.7453089887640623,0.18213082664452915,2.1078971478501365
2c22f5c92e777c45db032d0a7f66e5a5b8aca142,RWE.XETRA,2022-02-17T09:44:00Z,True,2.7408468244692896,4522.397044739362,2.849397712314672,1760.1619853175869,3.962016497260046,932.3601947344821,4.8846759774586745,312.3531694695989,4.776125089613292,372.63208100566317,2.7408468244692896,0.17791301408766,0.7572145847409328
5d2848e1e0cbc03687f26fe06308d6518729045c,PFV.XETRA,2022-02-16T14:56:00Z,True,2.2222222222222143,-13.793103448275868,2.4444405555555493,923.404255319149,2.4444405555555493,85.38205980066445,1.8888849999999957,575.3943217665615,1.7777755555555608,585.1851851851852,2.2222222222222143,0.21816373728508145,0.24971378633467461
72b5675acc22313cf553e6d47bc111f19a61df8b,GLJ.XETRA,2022-02-16T11:50:00Z,True,2.7134588535983717,-86.08257193767297,1.5195369580150997,-61.067693585532524,2.3516679577303856,-36.49337410805301,2.822000825687443,-17.436032709047744,3.7988460129828594,-10.908754395706088,2.7134588535983717,0.09897991846490736,0.5921005628307051
e4967811beaceb1660754172ff0ef97ad5128181,ELG.XETRA,2022-02-15T13:04:00Z,True,2.4344550105907192,8753.57142857143,2.808988711442151,9210.714285714286,3.183514921657027,2055.607476635514,2.247185351176295,250.64102564102564,2.9962527528791583,185.73068094873756,2.4344550105907192,0.2658304161477732,0.5368938041974283
4a2240122b9563686b27b3b146b78d64553abf8a,RHM.XETRA,2022-02-11T11:30:00Z,True,0.9355530534533418,1067.684887459807,0.7276559554118878,1486.707882534776,0.6029127069818285,823.6263736263735,0.37422142928156266,929.8985584623599,1.0602963018834233,748.6530048353674,0.9355530534533418,0.22284509497190624,0.24118225416002415
b4dd2d9637301cb8709a12bfacaf5144b94d33f5,SZG.XETRA,2022-02-10T14:46:00Z,True,4.174455088751117,1358.5796805980292,5.358258900826107,989.3226398685863,9.906542673304841,1453.791419602372,11.713402598965894,1374.4476087596975,9.221193720946651,983.6032914681681,4.174455088751117,0.3601356534023837,2.1985823611880306
8f20ee125b6d928caa41d13806a023f3c75360b6,WAC.XETRA,2022-02-09T14:39:00Z,True,4.6532846715328535,6483.28530259366,2.2810218978102093,4889.506172839507,2.4634990875912255,5660.419580419581,2.6459854014598383,6833.286713286714,2.0985355839415964,4584.595300261097,4.6532846715328535,0.10516201505981282,0.6630722957169533
403cab92239d45beee74db36a2faca82d3d544f0,SDF.XETRA,2022-02-09T11:39:00Z,True,1.4215612003908529,4192.95410471881,2.0935695059999704,4664.980433330152,2.1711037565832703,3314.2662623011697,1.6283278174374471,2054.772204325817,2.4812666053898313,773.2117679343661,1.4215612003908529,0.19086639274910902,0.379214203588991
9cd867fe6b745b9d8a1777114916b33fe26c0e5e,2HRA.XETRA,2022-02-07T15:41:00Z,True,3.3333476851871824,-69.92,3.3333476851871824,-37.2,3.3333476851871824,-37.2,3.3333476851871824,0.5400000000000071,4.722222878086502,35.519999999999996,3.3333476851871824,,0.12015410948413446
8cf33b6ffaafd3749da76c066ea3e78a9fc8a867,SDF.XETRA,2022-02-04T10:08:00Z,True,0.6589786193837766,7482.235969951393,-2.416249446252028,1721.3278708278108,-2.9379463447526843,1266.558883594282,-4.146073813622941,791.2918909532905,-4.557935450737793,550.0099406872329,0.6589786193837766,0.35572898268908526,1.5128728340999038
86d8b24ddae94f4495bcbf0b32b449107ba6a978,ADJ.XETRA,2022-01-28T14:08:00Z,True,-20.635601694915263,5488.6824324324325,-24.322033898305094,5507.108488424876,-20.635601694915263,6522.232360097324,-21.3559406779661,3486.4178029043346,-17.203389830508485,2884.370979383061,-20.635601694915263,1.1799025367662017,3.927315277748981
34ed422259a9121eb2695634dc35bc2335e3295a,VIB3.XETRA,2022-01-27T14:35:00Z,True,0.8810528634361381,2223.1884057971015,2.2026431718061623,5472.549019607844,3.524229074889873,2819.396551724138,2.2026431718061623,2002.4324324324325,2.6431674008810635,1583.1130690161526,0.8810528634361381,0.27886046385964447,0.6243599198355084
f77fb1ce6cfed200fb68f8e32d1fb8e8eb326c92,RWE.XETRA,2022-01-26T14:26:00Z,True,0.8231649396300167,2260.1090480400826,1.1921714786310433,1806.4558285415578,1.759860963947224,1245.8842812653663,2.043715641320354,786.1747022306225,1.759860963947224,635.5453215193055,0.8231649396300167,0.09910080853383707,0.3942525796091476
1e7ac1f60d644f468bcdab415c22be0316f2804c,NDA.XETRA,2022-01-19T12:38:00Z,True,1.8510606382978745,10629.032258064517,3.382978723404273,6602.10249671485,3.9361659574468133,4701.62962962963,6.3191510638297865,3459.2709428671574,5.9999989361702255,1740.3274021352313,1.8510606382978745,0.04007557740386684,1.4252821983869945
e884047b94689a37e71a6024b2dc3f0ffb09ea26,NA9.XETRA,2022-01-14T09:33:00Z,True,-0.3048780487804881,330.3921568627451,-0.3048780487804881,274.1477272727273,-0.3048780487804881,184.4903988183161,-0.3048780487804881,126.53946227233304,-1.2195121951219523,344.50502152080344,-0.3048780487804881,0.47594754183045956,0.38312383135432276
a87b8b1f238e60089d0b4cfc40cf827cdfba4c82,SMHN.XETRA,2022-01-12T10:15:00Z,True,-5.611217715992867,18357.553956834534,-5.410821914369823,21247.091412742382,-5.711423131834826,27336.011080332413,-6.112224755121476,4820.102339181287,-6.81362258585283,3481.6593886462883,-5.611217715992867,0.22981824332169876,0.674336005765073
666018285ac606a60dc0e7bc0cc22cecb5af1ce3,BAS.XETRA,2022-01-04T11:57:00Z,True,1.6383065790533502,2812.6044226044223,1.1499685121292957,1296.7448765297995,1.0869549635626363,1235.085525941922,1.1657246560448087,649.5802620802622,1.9376181779712898,478.8092320261438,1.6383065790533502,0.07089145655263648,0.2862920399578596
b91c3fc5803e811a8827d50de0e0e871e49d1396,EUZ.XETRA,2022-01-03T15:50:00Z,True,0.15384717948718762,-25.095057034220535,0.0,-6.927175843694489,0.05128512820513631,-6.754772393538911,0.2564102564102555,-12.283345892991715,-0.7179456410256413,-32.68598745144906,0.15384717948718762,0.353309916252561,0.09215098424434971
